order,question,pred_topic_id,assistant_answer,updated_at
1,เวลาออกแบบระบบ ควรจัดระเบียบข้อมูลอย่างไรให้ค้นหาและแก้ไขได้ง่าย,,"เมื่อออกแบบระบบควรจัดระเบียบข้อมูลให้ **มีความสัมพันธ์ชัดเจนและมีรูปแบบที่เหมาะสม** เพื่อให้สามารถค้นหาและแก้ไขข้อมูลได้ง่าย โดยควรพิจารณาตามหลักการของโครงสร้างข้อมูลที่มีการจัดเรียงข้อมูลอย่างมีระบบ ดังนี้:

1. **ใช้โครงสร้างข้อมูลเชิงเส้น (Linear Data Structure)** สำหรับข้อมูลที่ต้องการเข้าถึงตามลำดับ เช่น ลิสต์ (List), สแตก (Stack), คิว (Queue) ซึ่งช่วยให้การค้นหาและแก้ไขข้อมูลทำได้ง่ายและรวดเร็ว โดยเฉพาะเมื่อข้อมูลมีลำดับชัดเจน

2. **ใช้โครงสร้างข้อมูลไม่เชิงเส้น (Non-Linear Structure)** เช่น ทรี (Tree) หรือ กราฟ (Graph) เมื่อข้อมูลมีความสัมพันธ์ซับซ้อน เช่น ข้อมูลที่มีโครงสร้างหลายระดับ หรือมีความสัมพันธ์กันหลายทาง ซึ่งช่วยให้สามารถค้นหาข้อมูลได้เร็วโดยใช้การเข้าถึงตามตำแหน่งหรือเส้นทางที่กำหนด

3. **ใช้ลิงค์ลิสต์ (Linked List)** ซึ่งเป็นโครงสร้างที่จัดเก็บข้อมูลในโหนดต่อเนื่อง โดยแต่ละโหนดมีส่วนเก็บข้อมูลและพอยน์เตอร์ที่ชี้ไปยังโหนดถัดไป ทำให้สามารถเพิ่มหรือลบข้อมูลได้โดยไม่ต้องย้ายข้อมูลทั้งหมด และสามารถเข้าถึงข้อมูลได้ตามลำดับหรือตำแหน่งที่ต้องการ

โดยรวม ควรเลือกโครงสร้างข้อมูลที่สอดคล้องกับลักษณะของข้อมูลและพฤติ กรรมการใช้งาน เพื่อให้การค้นหา แก้ไข และการจัดการข้อมูลเป็นไปอย่างมีประสิทธิภาพและง่ายต่อการพัฒนาในอนาคต",2026-03-04T22:39:51
2,ก่อนเขียนโค้ดจริง ทำไมต้องกำหนดขั้นตอนแก้ปัญหาเป็นลำดับให้ชัดเจน,,ก่อนเขียนโค้ดจริง ต้องกำหนดขั้นตอนแก้ปัญหาเป็นลำดับให้ชัดเจน เพราะอัลกอริทึมเป็นขั้นตอนหรือวิธีการที่มีเป้าหมายชัดเจน เพื่อใช้ในการแก้ไขปัญหาได้ผลลัพธ์ที่ถูกต้องและมีประสิทธิภาพ ขั้นตอนเหล่านี้จะช่วยให้เข้าใจวิธีการทำงานของโปรแกรมอย่างชัดเจน สามารถตรวจสอบความถูกต้องในแต่ละขั้นตอนได้ และช่วยลดความซับซ้อนในการแก้ปัญหา โดยเฉพาะเมื่อปัญหาต่าง ๆ มีหลายรูปแบบของวิธีการแก้ จึงจำเป็นต้องวิเคราะห์และเลือกอัลกอริทึมที่เหมาะสมที่สุด ซึ่งสามารถเขียนขั้นตอนได้ในรูปแบบของผังงานหรือรหัสเทียมก่อนเขียนโค้ดจริง เพื่อให้การพัฒนาโปรแกรมมีความแม่นยำและมีประสิทธิภาพมากขึ้น,2026-03-04T22:39:51
3,ข้อมูล 0 กับ 1 ที่ใช้แทนสถานะการทำงานของเครื่องเรียกว่าอะไร,,"ข้อมูล 0 กับ 1 ที่ใช้แทนสถานะการทำงานของเครื่องเรียกว่า **บิต (Bit)**  

โดยในบริบทที่ให้มา บิตเป็นรูปแบบของตัวเลขที่ใช้แทนค่าด้วยตัวเลข 0 และ 1 และเมื่อเทียบกับสถานะการทำงานของคอมพิวเตอร์ จะใช้แทนกระแสไฟฟ้าที่กำหนดการเปิด-ปิด (On-Off) ภายในหน่วยความจำของคอมพิวเตอร์ เช่น สวิตช์เปิด-ปิด",2026-03-04T22:39:51
4,หน่วยข้อมูลที่รวม 8 บิตเข้าด้วยกันเรียกว่าอะไร,1.2.1,ไม่พบข้อมูลเพียงพอในบริบทที่ให้มา,2026-03-04T22:39:51
5,ช่องข้อมูลย่อยอย่างชื่อ เพศ อายุ ในแบบฟอร์มควรเรียกว่าอะไร,,"จากบริบทที่ให้มา ไม่มีการกล่าวถึง ""ช่องข้อมูลย่อยอย่างชื่อ เพศ อายุ"" หรือการจัดเก็บข้อมูลในแบบฟอร์ม ดังนั้น ไม่สามารถระบุว่าช่องข้อมูลเหล่านี้ควรเรียกว่าอะไรได้จากข้อมูลที่มี

**ตอบ: ไม่พบข้อมูลเพียงพอในบริบทที่ให้มา**",2026-03-04T22:39:51
6,การรวมหลายช่องข้อมูลของบุคคลหนึ่งคนเป็นรายการเดียวเรียกว่าอะไร,,ไม่พบข้อมูลเพียงพอในบริบทที่ให้มา,2026-03-04T22:39:51
7,การรวมหลายเรคอร์ดที่เกี่ยวข้องกันเป็นชุดเดียวเรียกว่าอะไร,1.2.4,"การรวมหลายเรคอร์ดที่เกี่ยวข้องกันเป็นชุดเดียวเรียกว่า **แฟ้มข้อมูล (File)**  

**เหตุผล:**  
จากบริบท Context 4 ระบุว่า ""หรือแฟ้มข้อมูล เป็นรูปแบบของการรวมกลุ่มเรคคอร์ดที่มีความสัมพันธ์กัน โดยที่แต่ละไฟล์จะมีข้อมูลของเรคคอร์ดที่ไม่ซ้ำกัน"" ซึ่งตรงกับการรวมเรคอร์ดที่เกี่ยวข้องกันเป็นชุดเดียว  

แม้บริบทอื่นจะกล่าวถึงการรวมไฟล์ข้อมูลหลายไฟล์เป็นฐานข้อมูล (database) แต่คำถามถามเฉพาะการรวม ""หลายเรคอร์ดที่เกี่ยวข้องกัน"" ซึ่งตรงกับคำจำกัดความของ ""แฟ้มข้อมูล"" มากที่สุดในบริบทที่ให้มา  

**ดังนั้น คำตอบคือ: แฟ้มข้อมูล**",2026-03-04T22:39:51
8,แหล่งเก็บข้อมูลขนาดใหญ่ที่หลายส่วนใช้งานร่วมกันควรเรียกว่าอะไร,,ไม่พบข้อมูลเพียงพอในบริบทที่ให้มา,2026-03-04T22:39:51
9,ถ้าแบ่งโครงสร้างข้อมูลตามลักษณะการจัดเก็บ ควรแบ่งเป็นกลุ่มหลักอะไรบ้าง,,"หากแบ่งโครงสร้างข้อมูลตามลักษณะการจัดเก็บ ควรแบ่งเป็นกลุ่มหลักดังนี้:

1. **โครงสร้างข้อมูลเชิงเส้น (Linear Data Structure)**  
   - มีการจัดเรียงข้อมูลให้ต่อเนื่องกัน และเข้าถึงข้อมูลตามลำดับ  
   - ตัวอย่าง: ลิสต์ (List), สแตก (Stack), คิว (Queue)  
   - ลิงค์ลิสต์เป็นตัวอย่างหนึ่งที่มีลักษณะเชิงเส้น และเป็นโครงสร้างไม่ตายตัว (Dynamic Structure) ที่สามารถเพิ่มหรือลบโหนดได้โดยไม่ต้องกำหนดพื้นที่หน่วยความจำล่วงหน้า

2. **โครงสร้างข้อมูลไม่เชิงเส้น (Non-Linear Structure)**  
   - จัดเก็บข้อมูลแบบไม่ต่อเนื่อง ใช้การระบุตำแหน่งหรือความสัมพันธ์ระหว่างข้อมูลเพื่อเข้าถึง  
   - ตัวอย่าง: ทรี (Tree), กราฟ (Graph)

การแบ่งนี้ได้รับการอธิบายในบริบทที่ระบุว่า โครงสร้างข้อมูลแบ่งออกเป็น 2 ประเภทตามลักษณะการจัดเก็บ ซึ่งสะท้อนถึงรูปแบบการจัดเรียงและวิธีการเข้าถึงข้อมูลที่แตกต่างกัน",2026-03-04T22:39:51
10,แนวคิดขั้นตอนวิธีที่นิยมใช้แก้ปัญหาโดยรวมมีแบบไหนบ้าง,,"แนวคิดขั้นตอนวิธีที่นิยมใช้แก้ปัญหาโดยรวมมีดังนี้:

1. **อัลกอริทึมแบบละโมบ (Greedy Algorithm)**  
   - แก้ปัญหาโดยการเลือกคำตอบที่ดีที่สุดในแต่ละขั้นตอนโดยไม่พิจารณาผลรวมในระยะยาว  
   - ใช้ในปัญหาการทอนเหรียญ เช่น การเลือกทอนเหรียญที่มีขนาดใหญ่ที่สุดก่อน

2. **อัลกอริทึมแบบพลวัต (Dynamic Programming Algorithm)**  
   - แก้ปัญหาโดยการแบ่งปัญหาออกเป็นส่วนย่อย แล้วเก็บผลลัพธ์ที่ดีที่สุดของแต่ละส่วนเพื่อนำมาใช้แก้ปัญหาใหญ่  
   - ใช้แนวทาง ""จากล่างขึ้นบน"" (Bottom-up approach) เช่น การหาตัวเลข Fibonacci

3. **อัลกอริทึมแบบวนซ้ำ (Recursive Algorithm)**  
   - แก้ปัญหาโดยการเรียกใช้ตัวเองซ้ำ ๆ ด้วยการแบ่งปัญหาเป็นส่วนย่อย  
   - ใช้ในกรณีที่ปัญหาสามารถแบ่งได้เป็นปัญหาเดียวกัน เช่น การหา Factorial

เหล่านี้คือ 3 แบบที่กล่าวถึงในบริบทที่ให้มา และเป็นอัลกอริทึมที่นิยมใช้แก้ปัญหาโดยรวม",2026-03-04T22:39:51
11,ถ้าจะอธิบายลำดับการทำงานให้เห็นเป็นภาพ ควรใช้เครื่องมืออะไร,,"ควรใช้ **ผังงานโปรแกรม (Program Flowchart)** เพื่ออธิบายลำดับการทำงานให้เห็นเป็นภาพ  

เหตุผล:  
ผังงานโปรแกรมเป็นเครื่องมือที่แสดงขั้นตอนการทำงานของโปรแกรมคอมพิวเตอร์อย่างละเอียด ครอบคลุมการนำข้อมูลเข้ามา การประมวลผล การเปรียบเทียบเงื่อนไข การวนรอบการทำงาน และการแสดงผลลัพธ์ ซึ่งช่วยให้เข้าใจลำดับขั้นตอนได้อย่างชัดเจนและสามารถนำไปใช้ในการเขียนโปรแกรมได้สะดวกรวดเร็วตามบริบทที่ให้มา",2026-03-04T22:39:51
12,ถ้ายังไม่เขียนโปรแกรมจริง แต่ต้องการเขียนขั้นตอนให้คนอ่านเข้าใจ ควรใช้อะไร,,ควรใช้ **ผังงาน (Flowchart)** เพื่อเขียนขั้นตอนให้คนอ่านเข้าใจ โดยเฉพาะผังงานโปรแกรม (Program Flowchart) ที่แสดงขั้นตอนการทำงานของโปรแกรมอย่างละเอียด รวมถึงการนำข้อมูลเข้ามา การประมวลผล การเปรียบเทียบเงื่อนไข การวนซ้ำ และการแสดงผลลัพธ์ ซึ่งช่วยให้ผู้อ่านเข้าใจลำดับขั้นตอนได้ชัดเจน แม้ยังไม่ได้เขียนโปรแกรมจริง ตามบริบทที่ให้มาใน Context 2,2026-03-04T22:39:51
13,โปรแกรมที่ทำคำสั่งจากบนลงล่างตามลำดับอยู่ในโครงสร้างควบคุมแบบใด,,"โปรแกรมที่ทำคำสั่งจากบนลงล่างตามลำดับอยู่ในโครงสร้างควบคุมแบบ **เรียงลำดับ (Sequence)**

**เหตุผล:** จากบริบทใน Context 4 ระบุว่า ""โครงสร้างควบคุมแบบเรียงลำดับ (Sequence) เป็นการทำงานแบบลำดับขั้นตอนต่อเนื่องกันไปในลักษณะขนล่งล่าง การประมวลผลจะเป็นไปตามแต่ละชุดคำสั่งตามลำดับ"" ซึ่งตรงกับการที่คำสั่งทำจากบนลงล่างตามลำดับอย่างต่อเนื่อง จึงตอบว่าอยู่ในโครงสร้างควบคุมแบบเรียงลำดับ",2026-03-04T22:39:51
14,การตัดสินใจด้วยเงื่อนไข if/else จัดอยู่ในโครงสร้างควบคุมแบบใด,,"การตัดสินใจด้วยเงื่อนไข if/else จัดอยู่ใน **โครงสร้างควบคุมแบบเลือกการทำงาน**  

- โครงสร้างนี้ใช้เงื่อนไข (condition) เพื่อตัดสินใจว่าจะดำเนินการคำสั่งใดหนึ่งในสองทาง คือ ถ้าเงื่อนไขเป็นจริง ทำคำสั่ง A ถ้าเป็นเท็จ ทำคำสั่ง B  
- บริบทระบุว่า ""โครงสร้างควบคุมแบบเลือกการทำงาน 2 เงื่อนไข"" ซึ่งเป็นการตัดสินใจแบบ if-else  
- ผังงานและตัวอย่างที่ให้มา เช่น ภาพที่ 1.5 และ 1.6 แสดงโครงสร้างนี้ชัดเจน  
- ตัวอย่างเช่น `if (score >= 60) { printf(""Older"") } else { printf(""Young"") }` แสดงการใช้งานจริงของโครงสร้างนี้  

ดังนั้น โครงสร้างควบคุมที่เกี่ยวข้องคือ **แบบเลือกการทำงาน**",2026-03-04T22:39:51
15,การทำงานแบบวนซ้ำจนกว่าจะครบเงื่อนไขเป็นโครงสร้างควบคุมแบบใด,,ไม่พบข้อมูลเพียงพอในบริบทที่ให้มา,2026-03-04T22:39:51
16,ตัวแปรชุดเดียวที่เก็บข้อมูลชนิดเดียวหลายค่าและเข้าถึงด้วย index คืออะไร,,"ตัวแปรชุดเดียวที่เก็บข้อมูลชนิดเดียวหลายค่าและเข้าถึงด้วย index คือ **อาร์เรย์**  

**เหตุผลจากบริบท:**  
- อาร์เรย์เป็นตัวแปรที่มีชื่อเดียว แต่สามารถเก็บข้อมูลหลายช่องที่มีชนิดข้อมูลเดียวกัน  
- ข้อมูลในอาร์เรย์ถูกจัดเรียงตามลำดับ และสามารถเข้าถึงได้โดยใช้ดัชนี (Index) หรือ Subscript  
- การเข้าถึงข้อมูลในอาร์เรย์ทำได้ทันที (Direct Access) โดยระบุดัชนีในเครื่องหมายวงเล็บ [ ] หรือ ( )  
- สมาชิกของอาร์เรย์มีจำนวนแน่นอน และทุกตัวมีชนิดข้อมูลเดียวกัน  

ดังนั้น คำตอบคือ **อาร์เรย์**",2026-03-04T22:39:51
17,ถ้าดูเชิงโครงสร้าง อาร์เรย์มีองค์ประกอบสำคัญอะไรบ้าง,,"จากบริบทที่ให้มา อาร์เรย์มีองค์ประกอบสำคัญดังนี้:

1. **โครงสร้างเชิงเส้น (Linear Structure)** – ข้อมูลจัดเก็บเป็นแนวเส้นตรงที่ต่อเนื่องกัน  
2. **การจัดเก็บแบบเรียงลำดับ (Order)** – ข้อมูลถูกจัดเก็บตามลำดับ เช่น เรียงตามวันในสัปดาห์ หรือลำดับที่กำหนด  
3. **ข้อมูลชนิดเดียวกัน (Homogenous Data Type)** – ทุกช่องในอาร์เรย์ต้องมีชนิดข้อมูลเดียวกัน เช่น ทั้งหมดเป็นตัวเลขหรือตัวอักษร  
4. **โครงสร้างตายตัว (Static Structure)** – ขนาดของอาร์เรย์ถูกกำหนดไว้ล่วงหน้า ไม่สามารถขยายหรือย่อได้ตามความต้องการ  
5. **การเข้าถึงแบบสุ่ม (Random Access)** – สามารถเข้าถึงข้อมูลใดๆ ได้โดยตรงผ่านดัชนี (Index) โดยไม่ต้องผ่านข้อมูลก่อนหน้า  

องค์ประกอบเหล่านี้สะท้อนถึงลักษณะพื้นฐานของอาร์เรย์ที่มีการจัดเก็บข้อมูลแบบเรียงลำดับและสามารถเข้าถึงข้อมูลได้ทันทีผ่านดัชนี",2026-03-04T22:39:51
18,ตารางที่มีแถวเดียวแต่มีหลายตำแหน่งต่อเนื่องตรงกับอาร์เรย์ชนิดใด,,"ตารางที่มีแถวเดียวแต่มีหลายตำแหน่งต่อเนื่องตรงกับ **อาร์เรย์ 1 มิติ**  

**เหตุผลจากบริบท:**  
- บริบทที่ 1 ระบุว่า ""อาร์เรย์ 1 มิติ เป็นอาร์เรย์ที่มีแถวเพียง 1 แถว แต่จะมีคอลัมน์หลายคอลัมน์""  
- บริบทที่ 3 ระบุว่า อาร์เรย์เป็นโครงสร้างเชิงเส้นที่จัดเก็บข้อมูลแบบเรียงลำดับและมีการเข้าถึงแบบสุ่ม (Random Access) ซึ่งสอดคล้องกับการจัดเก็บในรูปแบบตารางที่มีตำแหน่งต่อเนื่อง  
- ดังนั้น ตารางที่มีแถวเดียวแต่มีหลายตำแหน่งต่อเนื่องจึงตรงกับการอธิบายของ **อาร์เรย์ 1 มิติ** ที่มีลักษณะเป็นแนวเส้นตรงและสามารถเข้าถึงข้อมูลได้โดยใช้ดัชนี (Index)  

**สรุป:** คำตอบคือ **อาร์เรย์ 1 มิติ**",2026-03-04T22:39:51
19,ข้อมูลแบบตารางที่มีทั้งแถวและคอลัมน์ตรงกับอาร์เรย์ชนิดใด,,"ข้อมูลแบบตารางที่มีทั้งแถวและคอลัมน์ตรงกับ **อาร์เรย์ 1 มิติ** ที่จัดเก็บได้ในรูปแบบของ **อาร์เรย์แนวนอนหรืออาร์เรย์แนวตั้ง** ตามบริบทที่ระบุว่า ""อาร์เรย์ 1 มิติ เป็นอาร์เรย์ที่มีแถวเพียง 1 แถว แต่จะมีคอลัมน์หลายคอลัมน์ ซึ่งสามารถเขียนตามลักษณะตารางได้ 2 แบบ คือ อาร์เรย์แนวนอนและอาร์เรย์แนวตั้ง"" ดังนั้น แม้จะมีทั้งแถวและคอลัมน์ แต่ในอาร์เรย์ 1 มิติ ข้อมูลถูกจัดเก็บในรูปแบบเชิงเส้นและสามารถแสดงเป็นตารางได้ตามลักษณะของแถวและคอลัมน์ที่กำหนดไว้ในบริบทนี้",2026-03-04T22:39:51
20,โครงสร้างที่เก็บข้อมูลเป็นโหนดและเชื่อมกันด้วยพอยน์เตอร์เรียกว่าอะไร,,"โครงสร้างที่เก็บข้อมูลเป็นโหนดและเชื่อมกันด้วยพอยน์เตอร์เรียกว่า **ลิงค์ลิสต์ (Linked List)**

เหตุผล:  
จากบริบททั้งหมด ระบุว่า ลิงค์ลิสต์เป็นโครงสร้างที่จัดเก็บข้อมูลด้วยโหนดต่อเนื่องกัน โดยแต่ละโหนดประกอบด้วยส่วนที่เก็บข้อมูลและส่วนที่เก็บพอยน์เตอร์เพื่อเชื่อมโยงไปยังโหนดถัดไป (เช่น บริบท 1, 2, 4, 5) และการเชื่อมโยงนี้ทำผ่านพอยน์เตอร์ (Pointer Link) ซึ่งชี้ไปยังโหนดต่อไปในลิสต์ ดังนั้นโครงสร้างนี้จึงเป็นลิงค์ลิสต์",2026-03-04T22:39:51
21,ถ้ามององค์ประกอบของ ลิงก์ลิสต์ จะมีส่วนข้อมูลและส่วนใดอีกหนึ่งส่วน,2.3,"องค์ประกอบของลิงค์ลิสต์มีสองส่วน คือ  
1. ส่วนของข้อมูล (data)  
2. ส่วนลิงค์ข้อมูล (link)  

ส่วนลิงค์ข้อมูลใช้รูปแบบของพอยน์เตอร์เพื่อชี้ไปยังโหนดต่อไปในลิงค์ลิสต์ ทำให้สามารถเชื่อมโยงโหนดต่าง ๆ ได้ตามลำดับ (Context 2, 3, 4, 5)",2026-03-04T22:39:51
22,ลิงก์ลิสต์ที่ลิงก์ชี้ไปทางเดียวจากต้นไปท้ายคือแบบไหน,2.3.1,"ลิงก์ลิสต์ที่ลิงก์ชี้ไปทางเดียวจากต้นไปท้าย คือ **ลิงก์ลิสต์แบบเชิงเดียว (Singly Linked List)**

จากบริบท:  
- ทุกโหนดประกอบด้วย ""ส่วนที่จัดเก็บข้อมูล"" และ ""ส่วนที่จัดเก็บพอยน์เตอร์""  
- พอยน์เตอร์ในแต่ละโหนดชี้ไปยังโหนดถัดไป  
- โหนดสุดท้ายมีค่าเป็น NULL แสดงว่าไม่มีโหนดถัดไป  
- ลิงก์ลิสต์มีลักษณะไม่เป็นเชิงเส้น ข้อมูลจัดเก็บเป็นลำดับที่เชื่อมต่อกันด้วยพอยน์เตอร์  

ดังนั้น ลิงก์ลิสต์ที่ลิงก์ชี้ไปทางเดียวจากต้นไปท้าย คือ **ลิงก์ลิสต์แบบเชิงเดียว** ซึ่งแต่ละโหนดมีพอยน์เตอร์ชี้ไปยังโหนดถัดไปเพียงอย่างเดียว และโหนดสุดท้ายมีค่าเป็น NULL",2026-03-04T22:39:51
23,การเพิ่ม แทรก และลบโหนดในลิสต์ที่ชี้ทางเดียวต้องจัดการลิงก์อย่างไรโดยรวม,,"การเพิ่ม แทรก และลบโหนดในลิสต์ที่ชี้ทางเดียวต้องจัดการลิงก์ดังนี้โดยรวม:

1. **การเพิ่มโหนด**:  
   - เพิ่มโหนดใหม่เข้าไปในลิสต์โดยใช้พอยน์เตอร์ลิงก์เป็นตัวเชื่อมระหว่างโหนด  
   - ต้องกำหนดค่าของพอยน์เตอร์ลิงก์ของโหนดก่อนหน้าให้ชี้ไปยังโหนดใหม่  
   - โหนดสุดท้ายของลิสต์จะมีพอยน์เตอร์ลิงก์เป็น `nil` เพื่อแสดงว่าไม่มีโหนดต่อไป

2. **การแทรกโหนด**:  
   - ต้องระบุตำแหน่งที่ต้องการแทรก (เช่น ก่อนหน้า หรือกลาง)  
   - ต้องจัดการลิงก์ของโหนดก่อนหน้าและหลังจากโหนดที่จะแทรก เพื่อให้พอยน์เตอร์ลิงก์เชื่อมต่ออย่างถูกต้อง  
   - ตัวอย่างเช่น แทรกโหนด 5 ตำแหน่งก่อนหน้า ต้องปรับพอยน์เตอร์ของโหนดก่อนหน้าให้ชี้ไปยังโหนดใหม่ และให้โหนดใหม่ชี้ไปยังโหนดเดิม

3. **การลบโหนด**:  
   - ต้องระบุโหนดที่ต้องการลบ (เช่น โหนดท้ายสุด)  
   - ต้องปรับพอยน์เตอร์ของโหนดก่อนหน้าให้ชี้ไปยังโหนดถัดไป (ถ้ามี)  
   - โหนดที่ถูกลบจะถูกปล่อยให้ไม่มีการเชื่อมโยง (หรือตั้งค่าเป็น `nil`) เพื่อป้องกันการเข้าถึงข้อมูลที่ไม่ถูกต้อง

โดยรวม  การจัดการลิงก์ในลิสต์ที่ชี้ทางเดียวต้องอาศัยการปรับเปลี่ยนพอยน์เตอร์อย่างถูกต้องเพื่อรักษาความต่อเนื่องของโครงสร้าง พร้อมป้องกันการสูญเสียหรือการเข้าถึงข้อมูลที่ผิดพลาด ซึ่งทำให้การดำเนินการทุกครั้งมีความแม่นยำและปลอดภัยต่อโครงสร้างข้อมูลทั้งหมด",2026-03-04T22:39:51
24,โครงสร้างที่ใช้หลักเข้าก่อนออกก่อนหรือ เข้าก่อนออกก่อน คืออะไร,3.1,"โครงสร้างที่ใช้หลัก ""เข้าก่อนออกก่อน"" หรือ ""เข้าก่อนออกก่อน"" (First In First Out - FIFO) คือ **คิว (Queue)**

เหตุผล:
- คิวเป็นโครงสร้างข้อมูลแบบเชิงเส้น (Linear structure) ที่มีลักษณะการเข้าและออกข้อมูลตามลำดับ
- ข้อมูลที่เข้ามาต่อเนื่องกันจะอยู่ในลำดับที่ต่อเนื่อง โดยข้อมูลที่เข้ามาตั้งแต่แรกจะต้องออกก่อน
- การนำเข้าข้อมูล (Enqueue) เกิดที่ด้านท้ายของคิว (rear) และการนำข้อมูลออก (Dequeue) เกิดที่ด้านหน้าของคิว (front)
- ลักษณะนี้คล้ายกับการเข้าคิวในชีวิตจริง ซึ่งผู้ที่เข้าก่อนจะได้รับบริการก่อน
- คิวมีการตรวจสอบสถานะว่า ""คิวเต็ม"" (Overflow) ก่อนการเพิ่มข้อมูล และ ""คิวว่าง"" (Underflow) ก่อนการนำข้อมูลออก

ดังนั้น โครงสร้างข้อมูลที่มีลักษณะ ""เข้าก่อนออกก่อน"" คือ **คิว**",2026-03-04T22:39:51
25,เวลาเพิ่มข้อมูลเข้า คิว ต้องใส่ที่ปลายไหน,3.2,"เวลาเพิ่มข้อมูลเข้าสู่คิว ต้องใส่ที่ **ปลายท้าย (rear)** ของคิว  

การดำเนินการนี้เรียกว่า **Enqueue** โดยข้อมูลจะถูกเพิ่มเข้าไปที่ตำแหน่ง rear ซึ่งจะทำให้ rear = rear + 1 ถ้าคิวไม่เต็ม (ไม่เกิด Overflow)  

ในกรณีของคิวแบบวงกลม ข้อมูลจะถูกเพิ่มต่อท้ายไปตามทิศทางที่กำหนด เช่น ตามเข็มนาฬิกา หรือจากซ้ายไปขวา โดยยังคงดำเนินการที่ตำแหน่ง rear เพื่อเพิ่มข้อมูล  

**สรุป:** ต้องใส่ที่ **ปลายท้าย (rear)** ของคิวเสมอ",2026-03-04T22:39:51
26,เวลานำข้อมูลออกจาก คิว ต้องดึงจากปลายไหน,3.2.2,"เวลานำข้อมูลออกจากคิว ต้องดึงจากปลายที่เรียกว่า **front** ซึ่งเป็นส่วนหัวของคิว ข้อมูลที่อยู่ที่ตำแหน่ง front จะเป็นข้อมูลที่เข้ามาตั้งแต่แรก และจะถูกดึงออกก่อน ตามหลักการ ""เข้าก่อนออกก่อน"" (FIFO) โดยการดึงข้อมูลจะทำเฉพาะที่ตำแหน่ง front เท่านั้น และต้องตรวจสอบก่อนว่าคิวไม่ว่าง (Underflow) ถึงจะดำเนินการได้",2026-03-04T22:39:51
27,ถ้าจะแทนคิวด้วยอาร์เรย์ ต้องมีตัวชี้หลักอะไรบ้าง,3.3.2,"ถ้าจะแทนคิวด้วยอาร์เรย์ ต้องมีตัวชี้หลักสองตัว คือ:

1. **ตัวชี้หัว (front)** – ใช้บ่งชี้ตำแหน่งของข้อมูลที่อยู่ที่ด้านหน้าของคิว (ตำแหน่งที่จะถูกดึงออก)
2. **ตัวชี้ท้าย (rear)** – ใช้บ่งชี้ตำแหน่งของข้อมูลที่อยู่ที่ด้านท้ายของคิว (ตำแหน่งที่จะถูกใส่ข้อมูลใหม่)

บริบทระบุว่า เมื่อต้องการดึงข้อมูลออกจากคิว ก็จะกระทำที่ส่วนหัว (front) และการใส่ข้อมูลจะทำตามลำดับ ซึ่งบ่งชี้ว่าต้องมีตัวชี้ทั้ง front และ rear เพื่อจัดการการเข้า-ออกของคิวได้อย่างถูกต้อง",2026-03-04T22:39:51
28,ขั้นตอน insert/remove ของคิวแบบอาร์เรย์ทำงานกับตำแหน่งไหนบ้าง,3.2.2,"ขั้นตอน insert (Enqueue) และ remove (Dequeue) ของคิวแบบอาร์เรย์ทำงานกับตำแหน่งดังนี้:

- **Insert (Enqueue)**: ดำเนินการที่ตำแหน่ง **rear** ซึ่งเป็นส่วนท้ายของคิว โดยตรวจสอบก่อนว่าคิวไม่เต็ม (ไม่เกิด Overflow) แล้วเพิ่มข้อมูลที่ตำแหน่ง rear แล้วทำให้ rear = rear + 1

- **Remove (Dequeue)**: ดำเนินการที่ตำแหน่ง **front** ซึ่งเป็นส่วนหัวของคิว โดยตรวจสอบก่อนว่าคิวไม่ว่าง (ไม่เกิด Underflow) แล้วนำข้อมูลออกจากตำแหน่ง front แล้วทำให้ front = front + 1

ดังนั้น ขั้นตอน insert และ remove จึงทำงานกับตำแหน่ง **front** และ **rear** ตามลำดับที่กำหนดในคิวแบบอาร์เรย์",2026-03-04T22:39:51
29,จะทำให้คิวแบบอาร์เรย์กลับมาใช้ช่องว่างด้านหน้าได้ ควรใช้แนวคิดอะไร,3.3.2,ไม่พบข้อมูลเพียงพอในบริบทที่ให้มา,2026-03-04T22:39:51
30,โครงสร้างที่เข้าทีหลังออกก่อนหรือ เข้าทีหลังออกก่อน คืออะไร,4.1,"โครงสร้างที่เข้าทีหลังออกก่อนหรือ เข้าทีหลังออกก่อน คือ **สแตก (Stack)**

สแตกเป็นโครงสร้างข้อมูลที่มีลักษณะเป็นเชิงเส้น (Linear list) และมีคุณสมบัติการดำเนินการตามหลัก **Last In First Out (LIFO)** ซึ่งหมายถึงข้อมูลที่ถูกนำเข้ามาหลังสุดจะเป็นข้อมูลที่ถูกดึงออกก่อน ทั้งการนำเข้าข้อมูลเรียกว่า **push** และการดึงข้อมูลออกเรียกว่า **pop** โดยการดำเนินการจะเกิดขึ้นที่ตำแหน่งบนสุดของสแตก ซึ่งเรียกว่า **top**",2026-03-04T22:39:51
31,คำสั่งที่ใช้เพิ่มข้อมูลขึ้นบนสุดของ สแตก เรียกว่าอะไร,4.2,คำสั่งที่ใช้เพิ่มข้อมูลขึ้นบนสุดของสแตกเรียกว่า **การนำเข้าข้อมูล (push)**,2026-03-04T22:39:51
32,คำสั่งที่ใช้ดึงข้อมูลออกจากบนสุดของ สแตก เรียกว่าอะไร,4.2.2,คำสั่งที่ใช้ดึงข้อมูลออกจากบนสุดของสแตกเรียกว่า **pop**,2026-03-04T22:39:51
33,ตัวชี้ที่บอกตำแหน่งข้อมูลบนสุดของสแตกเรียกว่าอะไร,4.2,ตัวชี้ที่บอกตำแหน่งข้อมูลบนสุดของสแตกเรียกว่า **top**,2026-03-04T22:39:51
34,ถ้าจะแทน สแตก ด้วยอาร์เรย์ ต้องจัดการ top และตรวจ overflow/underflow อย่างไร,4.2,"หากจะแทนสแตกด้วยอาร์เรย์ ต้องจัดการ **top** และตรวจ **overflow/underflow** ดังนี้:

1. **การจัดการ top**:
   - ตั้งตัวแปร `top` เพื่อเก็บตำแหน่งของข้อมูลที่อยู่บนสุดของสแตก
   - เมื่อทำการ **push** ข้อมูล: ปรับ `top = top + 1` และใส่ข้อมูลลงที่ตำแหน่ง `top`
   - เมื่อทำการ **pop** ข้อมูล: คืนค่าที่ตำแหน่ง `top` แล้วลด `top = top - 1`
   - ตัวแปร `top` เฉพาะเพื่อระบุตำแหน่งบนสุดเท่านั้น ไม่ใช่การลบค่าโดยตรง

2. **การตรวจ overflow (เมื่อสแตกเต็ม)**:
   - ก่อนทำการ push ต้องตรวจสอบว่า `top` ยังไม่ถึงขนาดสุดของอาร์เรย์ (เช่น `top == size - 1`)
   - ถ้า `top == size - 1` แล้วพยายาม push ข้อมูล จะเกิด **stack overflow**

3. **การตรวจ underflow (เมื่อสแตกว่าง)**:
   - ก่อนทำการ pop ต้องตรวจสอบว่า `top >= 0`
   - ถ้า `top < 0` แล้วพยายาม pop ข้อมูล จะเกิด **stack underflow**

ดังนั้น การใช้อาร์เรย์แทนสแตก จำเป็นต้องมีการตรวจสอบ `top` ก่อน push และ pop เพื่อป้องกัน overflow และ underflow ซึ่งเป็นข้อผิดพลาดที่เกิดได้หากไม่ตรวจสอบอย่างเหมาะสม.",2026-03-04T22:39:51
35,การแปลงนิพจน์คณิตศาสตร์ด้วยสแตกเกี่ยวข้องกับ อินฟิกซ์/พรีฟิกซ์/โพสต์ฟิกซ์ อย่างไร,4.3.2,"การแปลงนิพจน์คณิตศาสตร์ด้วยสแตกเกี่ยวข้องกับรูปแบบของนิพจน์ดังนี้:

1. **นิพจน์ Infix** (รูปแบบปกติ) คือ ตัวดำเนินการอยู่กึ่งกลางระหว่างตัวถูกดำเนินการ เช่น A + B  
   - ระบบคอมพิวเตอร์ไม่สามารถจัดลำดับการคำนวณได้โดยตรงในรูปแบบนี้  
   - ดังนั้นต้องแปลงเป็นรูปแบบอื่นก่อน

2. **การแปลง Infix ให้เป็น Postfix** (รูปแบบที่ใช้บ่อย)  
   - ตัวดำเนินการอยู่ด้านหลังตัวถูกดำเนินการ เช่น AB+  
   - ใช้สแตกในการดำเนินการ โดย:
     - ถ้าเป็นตัวถูกดำเนินการ (operand) นำออกเป็นผลลัพธ์ (output)
     - ถ้าเป็นตัวดำเนินการ (operator) ต้องเปรียบเทียบความสำคัญกับตัวดำเนินการที่อยู่บนสแตก (top)
       - ถ้ามีความสำคัญมากกว่า ให้ push ลงสแตก
       - ถ้ามีความสำคัญน้อยกว่าหรือเท่ากัน ให้ pop ออกเป็นผลลัพธ์
     - วงเล็บเปิด (เช่น ( ) ) ให้ push ลงสแตก วงเล็บปิด ให้ pop จนพบวงเล็บเปิด
     - เมื่อทุกตัวอินพุตหมด ถ้ายังมีตัวดำเนินการในสแตก ให้ pop ออกจนสุด

3. **Postfix** สามารถคำนวณได้โดยตรงโดยใช้สแตก:
   - ถ้าเป็น operand → push ลงสแตก
   - ถ้าเป็น operator → pop 2 ตัวออก ดำเนินการตามตัวดำเนินการ แล้ว push ผลลัพธ์กลับเข้าสแตก
   - ดังนั้น การใช้สแตกจึงช่วยให้การแปลงและคำนวณนิพจน์คณิตศาสตร์เป็นไปอย่างมีประสิทธิภาพ โดยเฉพาะในรูปแบบ Postfix ที่สามารถประมวลผลได้โดยตรง ไม่ต้องจัดลำดับการคำนวณ ซึ่งเป็นจุดเด่นของระบบคอมพิวเตอร์ในการประมวลผลนิพจน์.",2026-03-04T22:39:51
36,โครงสร้างข้อมูลแบบลำดับชั้นที่มีรากและโหนดลูกเรียกว่าอะไร,5.2.2,"โครงสร้างข้อมูลแบบลำดับชั้นที่มีรากและโหนดลูกเรียกว่า **ไบนารีทรี (Binary Tree)**  

เหตุผล:  
จากบริบท ระบุว่า ""เป็นทรีที่มีโครงสร้างเหมือนทรีทั่วไป แต่ลักษณะเด่นของโครงสร้างนี้คือ (1) โหนดของทรีเป็น 0 หรือไม่มีโหนดที่เรียกว่า Empty tree (2) โหนดแต่ละโหนดสามารถมีโหนดย่อย (subtree) ได้ไม่เกิน 2 โหนด (3) กำหนดเรียกชื่อทรีย่อยด้านซ้ายว่า left subtree และทรีย่อยด้านขวาว่า right subtree"" ซึ่งเป็นลักษณะเฉพาะของไบนารีทรี  
นอกจากนี้ ยังมีการระบุชื่อว่า ""ภาพที่ 5.3 โครงสร้างไบนารีทรี"" ซึ่งยืนยันว่าโครงสร้างนี้คือไบนารีทรี  

ดังนั้น โครงสร้างข้อมูลที่กล่าวถึงคือ **ไบนารีทรี**",2026-03-04T22:39:51
37,ต้นไม้ที่แต่ละโหนดมีลูกได้หลายทางโดยไม่จำกัดสองทางเรียกว่าอะไร,,"ต้นไม้ที่แต่ละโหนดมีลูกได้หลายทางโดยไม่จำกัดสองทางเรียกว่า **นารีทรี (Tree)**

บริบทระบุว่า ""ในนารีทรี (Binary Tree) เป็นโครงสร้างข้อมูลที่มีคุณสมบัติการเชื่อมโยงกันเป็นระดับชั้น"" และ ""ในนารีทรี (binary tree)"" ซึ่งชี้ให้เห็นว่า ""binary"" หมายถึงมีลูกได้สูงสุด 2 ทาง ดังนั้น ถ้าไม่จำกัดที่จะมีลูกได้มากกว่า 2 ทาง จึงเรียกว่า **นารีทรี (Tree)** ทั่วไป ซึ่งไม่ได้จำกัดจำนวนลูกของโหนด

ดังนั้น คำตอบคือ **นารีทรี (Tree)**",2026-03-04T22:39:51
38,ต้นไม้ที่แต่ละโหนดมีลูกได้ไม่เกินสองโหนดเรียกว่าอะไร,,ต้นไม้ที่แต่ละโหนดมีลูกได้ไม่เกินสองโหนดเรียกว่า **นารีทรี (Binary Tree)**,2026-03-04T22:39:51
39,ต้นไม้ทวิภาคที่โหนดเติมเต็มตามเงื่อนไขระดับเรียกว่าอะไร,,"ต้นไม้ทวิภาคที่โหนดเติมเต็มตามเงื่อนไขระดับเรียกว่า **ไบนารีทรีแบบสมบูรณ์ (Complete Binary Tree)**

**เหตุผล:** จากบริบทใน Context 4 ระบุว่า ""ไบนารีทรีแบบสมบูรณ์จะกำหนดให้โหนดทุกโหนดต้องมีโหนดลูก 2 โหนด ยกเว้นโหนดใบ และระดับโหนดใบจะต้องอยู่ในระดับเดียวกัน"" ซึ่งหมายถึงการที่โหนดถูกเติมเต็มตามระดับ โดยที่ระดับสุดท้ายมีโหนดอยู่ในตำแหน่งที่เหมาะสมทั้งหมด จึงสอดคล้องกับคำว่า ""ต้นไม้ทวิภาคที่โหนดเติมเต็มตามเงื่อนไขระดับ"" ดังนั้นคำตอบคือ **ไบนารีทรีแบบสมบูรณ์**",2026-03-04T22:39:51
40,การท่องทรีแบบเข้า root ก่อนแล้วซ้ายขวาเรียกว่า traversal แบบใด,5.3,"การท่องทรีแบบเข้า root ก่อนแล้วซ้ายขวาเรียกว่า **การเข้าถึงแบบพรีออร์เดอร์ (Preorder Traversal)**

**เหตุผล:** จากบริบทใน Context 4 ระบุว่า ""การเข้าถึงแบบพรีออร์เดอร์จะใช้การเข้าถึงแบบ NLR คือ 1. เข้าเยี่ยมรูทโหนด (N) 2. ไปที่ทรีย่อยด้านซ้าย (L) 3. ไปที่ทรีย่อยด้านขวา (R)"" ซึ่งหมายถึงการเยี่ยมโหนดรูทก่อน แล้วเยี่ยมทรีย่อยด้านซ้ายและด้านขวาตามลำดับ จึงสอดคล้องกับการท่องแบบ ""เข้า root ก่อน แล้วซ้ายขวา"" อย่างชัดเจน.",2026-03-04T22:39:51
41,การท่องทรีแบบซ้ายก่อน root แล้วขวาเรียกว่า traversal แบบใด,5.3,"การท่องทรีแบบซ้ายก่อน root แล้วขวา ไม่ใช่รูปแบบที่ระบุในบริบทที่ให้มา

บริบทระบุว่า:
- การเข้าถึงแบบ **โพสต์ออร์เดอร์** เริ่มที่ทรีด้านซ้าย แล้วมาที่ทรีด้านขวา และสิ้นสุดที่รูทโหนด (ซึ่งหมายถึง ""ซ้าย-ขวา-รูท"")
- การเข้าถึงแบบ **พรีออร์เดอร์** คือ ""รูท-ซ้าย-ขวา"" (NLR)
- การเข้าถึงแบบ **อินออร์เดอร์** ไม่ได้ระบุชัดเจนว่าเป็นการท่องแบบซ้ายก่อน root แล้วขวา

ดังนั้น การท่องแบบ ""ซ้ายก่อน root แล้วขวา"" ไม่ตรงกับรูปแบบใดที่ระบุในบริบท โดยเฉพาะไม่มีการระบุว่า ""ซ้ายก่อน root แล้วขวา"" เรียกว่าแบบใด

**สรุป: ไม่พบข้อมูลเพียงพอในบริบทที่ให้มา**",2026-03-04T22:39:51
42,การท่องทรีแบบซ้ายขวาก่อนแล้วค่อย root เรียกว่า traversal แบบใด,5.3,"การท่องทรีแบบซ้ายขวาก่อนแล้วค่อยไปที่ root เรียกว่า **การเข้าถึงแบบโพสต์ออร์เดอร์ (Postorder Traversal)**

**เหตุผล:** จากบริบทใน Context 2 ระบุว่า ""การเข้าถึงแบบโพสต์ออเดอร์ จะเริ่มต้นที่ทรีโยด้านซ้ายจากนั้นมาประมวลผลต่อที่ทรีโยด้านขวาและสิ้นสุดการประมวลผลที่รูทโหนด"" ซึ่งหมายถึงลำดับการเยี่ยมโหนดคือ ซ้าย → ขวา → รูท (Left → Right → Root) ซึ่งตรงกับการท่องแบบที่กล่าวมาในคำถาม

ดังนั้น คำตอบคือ **โพสต์ออร์เดอร์ (Postorder Traversal)**",2026-03-04T22:39:51
43,นิพจน์คณิตศาสตร์ที่แทนเป็นโหนดตัวดำเนินการและตัวถูกดำเนินการคือทรีแบบใด,,"นิพจน์คณิตศาสตร์ที่แทนเป็นโหนดตัวดำเนินการและตัวถูกดำเนินการคือ **ไบนารีทรี** โดยมีลักษณะดังนี้:

- โหนดใบ (Leaf node) แทน **ตัวถูกดำเนินการ (Operand)** เช่น ตัวเลขหรือตัวแปร  
- โหนดรูทหรือโหนดพ่อ (Root node หรือ Parent node) แทน **ตัวดำเนินการ (Operator)** เช่น +, -, *, /, ^  
- ทรีย่อย (Subtree) แทน **นิพจน์ของการดำเนินการหลัก**  

การเข้าถึงข้อมูลในไบนารีทรีแต่ละรูปแบบมีความสัมพันธ์กับรูปแบบของนิพจน์ดังนี้:  
- การเข้าถึงแบบ **อินออร์เดอร์ (Inorder)** เป็นต้นแบบของ **นิพจน์ infix**  
- การเข้าถึงแบบ **โพสต์ออร์เดอร์ (Postorder)** เป็นต้นแบบของ **นิพจน์ postfix**  
- การเข้าถึงแบบ **พรีออร์เดอร์ (Preorder)** เป็นต้นแบบของ **นิพจน์ prefix**  

ดังนั้น นิพจน์คณิตศาสตร์ที่แทนเป็นโหนดตัวดำเนินการและตัวถูกดำเนินการคือ **ไบนารีทรี** ที่ใช้รูปแบบการเข้าถึงข้อมูลตามลำดับของนิพจน์ (infix, postfix, prefix)",2026-03-04T22:39:51
44,การเก็บโหนดไบนารีทรีลงอาร์เรย์ตามดัชนีตำแหน่งเรียกการแทนแบบใด,5.2.2,ไม่พบข้อมูลเพียงพอในบริบทที่ให้มา,2026-03-04T22:39:51
45,ถ้าจะเปลี่ยนทรีทั่วไปให้แทนในรูปไบนารีทรี ควรทำอย่างไรโดยหลัก,5.2.1,ไม่พบข้อมูลเพียงพอในบริบทที่ให้มา,2026-03-04T22:39:51
