order,question,expected_topic_id,assistant_answer,updated_at
1,ความหมายของโครงสร้างข้อมูล (Data Structure),1.1.1,"ความหมายของโครงสร้างข้อมูล (Data Structure) จากบริบทที่ให้มา คือ  

โครงสร้างข้อมูล คือ วิธีการจัดระเบียบหรือจัดการข้อมูลที่มีความสัมพันธ์กัน โดยมีการกำหนดลักษณะการรวบรวมข้อมูล ความสัมพันธ์ภายในกลุ่มข้อมูล และรูปแบบการเก็บข้อมูลที่ชัดเจน เพื่อให้ข้อมูลสามารถใช้งานได้อย่างเหมาะสมในระบบคอมพิวเตอร์ โครงสร้างข้อมูลจึงเป็นการจัดรูปแบบข้อมูลหรือการจัดระบบข้อมูลเข้าด้วยกัน โดยมีการกำหนดความสัมพันธ์ภายในกลุ่มข้อมูลอย่างชัดเจน เพื่อรองรับการดำเนินการต่าง ๆ ที่เกี่ยวข้องกับข้อมูลในโปรแกรมคอมพิวเตอร์  

สรุป: โครงสร้างข้อมูลคือ รูปแบบการจัดเก็บและจัดการข้อมูลที่มีความสัมพันธ์กันอย่างชัดเจน เพื่อให้เหมาะสมกับการใช้งานในระบบคอมพิวเตอร์",2026-03-04T23:06:07
2,ความหมายของอัลกอริทึม (Algorithm),1.1.2,"ความหมายของอัลกอริทึม (Algorithm) จากบริบทที่ให้มา คือ:

อัลกอริทึม หมายถึง ขั้นตอนหรือวิธีการที่มีเป้าหมายหรือแนวทางชัดเจน เพื่อใช้ในการแก้ไขปัญหาต่าง ๆ ให้ได้ผลลัพธ์ที่ถูกต้องอย่างมีประสิทธิภาพ โดยขั้นตอนเหล่านี้อาจมีหลายรูปแบบตามลักษณะของปัญหาที่ต้องแก้ ซึ่งในกระบวนการทำงานของคอมพิวเตอร์ อัลกอริทึมมีความสำคัญอย่างยิ่ง เพราะเป็นวิธีการที่ใช้ในการแก้ปัญหาหรือดำเนินงานที่ซับซ้อน โดยอาศัยการจัดรูปแบบข้อมูลเพื่อลดความซับซ้อนและเพิ่มประสิทธิภาพในการแก้ปัญหา แม้ว่าจะมีอัลกอริทึมหลายแบบที่สามารถแก้ปัญหาเดียวกันได้ แต่ความเหมาะสมกับปัญหาดังกล่าวต้องได้รับการวิเคราะห์เพื่อเลือกอัลกอริทึมที่ดีที่สุด

นอกจากนี้ อัลกอริทึมยังสามารถอธิบายได้ในรูปแบบของลำดับขั้นตอนในการทำงานของโปรแกรมคอมพิวเตอร์ เพื่อแก้ปัญหาใด ๆ โดยแต่ละรูปแบบอาจใช้เนื้อที่ในหน่วยความจำและเวลาในการประมวลผลที่ต่างกัน และสามารถเขียน ขั้นตอนได้ในรูปแบบของผังงานหรือรหัสเทียม เพื่อให้เข้าใจง่ายและตรวจสอบได้ด้วยตนเอง ทำให้อัลกอริทึมเป็นพื้นฐานสำคัญในการพัฒนาโปรแกรมที่มีความถูกต้องและมีประสิทธิภาพสูงสุด.",2026-03-04T23:06:07
3,บิต (Bit),1.2.1,ไม่พบข้อมูลเพียงพอในบริบทที่ให้มา,2026-03-04T23:06:07
4,ไบต์ (Byte),1.2.2,"จากบริบทที่ให้มา ไม่มีข้อมูลเกี่ยวกับ ""ไบต์ (Byte)"" โดยตรง แต่กล่าวถึง ""อักษร (Character)"" ที่เป็นรูปแบบของการแทนค่าบิตจำนวน 8 บิต

ดังนั้น สามารถสรุปได้ว่า:  
**ไบต์ (Byte) คือ รูปแบบของการแทนค่าด้วยบิตจำนวน 8 บิต ซึ่งสามารถใช้แทนค่าได้ทั้งตัวเลข ตัวอักษร และสัญลักษณ์พิเศษ**  
(ข้อมูลนี้ได้จากบริบทที่กล่าวว่า ""อักษร (Character) เป็นรูปแบบของการแทนค่าบิตจำนวน 8 บิต"")

**ข้อจำกัด:** บริบทไม่ได้กล่าวถึง ""ไบต์"" โดยชัดเจน แต่ใช้คำว่า ""บิตจำนวน 8 บิต"" ซึ่งสอดคล้องกับการที่ไบต์มีขนาด 8 บิต ดังนั้นการสรุปข้างต้นเป็นการตีความจากบริบทที่มีอยู่เท่านั้น",2026-03-04T23:06:07
5,ฟิลด์ (Field),1.2.3,ฟิลด์ (Field) คือ ส่วนหนึ่งของเขตข้อมูล (หรือกลุ่มของอักษร) ที่มีการจัดแบ่งเพื่อเก็บข้อมูลที่มีความหมายเฉพาะ เช่น ฟิลด์ชื่อ นามสกุล เพศ อายุ เกรดเฉลี่ย ซึ่งแต่ละฟิลด์มีหน้าที่เก็บข้อมูลประเภทต่าง ๆ ที่เกี่ยวข้องกับเรื่องใดเรื่องหนึ่งในข้อมูลทั้งหมด,2026-03-04T23:06:07
6,เรคอร์ด (Record),1.2.4,"เรคอร์ด (Record) คือ กลุ่มของฟิลด์ที่มีความสัมพันธ์กันซึ่งแสดงข้อมูลของบุคคลหรือสิ่งต่าง ๆ หนึ่งชุด เช่น เรคคอร์ดข้อมูลนักศึกษาประกอบด้วยฟิลด์ เช่น ชื่อ นามสกุล เพศ อายุ และระดับการศึกษา

ตัวอย่างในบริบท:  
- เรคคอร์ด ""สราดา สุราพัฒ"" มีข้อมูล เช่น ชื่อ นามสกุล เพศ อายุ และระดับการศึกษา  
- เรคคอร์ด ""อภิสิทธิ์-วิศวพรพิชัย"" มีข้อมูลเช่น เพศ วัย และระดับการศึกษา  

เรคอร์ดจึงเป็นหน่วยข้อมูลที่มีโครงสร้าง ซึ่งประกอบด้วยฟิลด์ต่าง ๆ ที่เกี่ยวข้องกัน โดยแต่ละเรคคอร์ดสามารถแทนข้อมูลของบุคคลหรือรายการหนึ่งได้ ซึ่งมักถูกจัดเก็บในไฟล์ข้อมูลหรือฐานข้อมูลเพื่อการเรียกใช้งานอย่างมีประสิทธิภาพ",2026-03-04T23:06:07
7,ไฟล์ (File),1.2.5,ในบริบทที่ให้มา ไฟล์ (File) คือ รูปแบบของการรวมกลุ่มเรคคอร์ดที่มีความสัมพันธ์กัน โดยที่แต่ละไฟล์มีข้อมูลของเรคคอร์ดที่ไม่ซ้ำกัน เช่น ไฟล์ข้อมูลลูกค้า หรือ ไฟล์ข้อมูลสินค้า,2026-03-04T23:06:07
8,ฐานข้อมูล (Database),1.2.6,ฐานข้อมูล (Database) คือ การรวมไฟล์ข้อมูลหลาย ๆ ไฟล์ที่มีความเกี่ยวข้องกันเข้าด้วยกัน เพื่อประโยชน์ในการเรียกใช้งานอย่างรวดเร็ว และลดความซ้ำซ้อนในการจัดเก็บข้อมูล เช่น ฐานข้อมูลระบบงานทะเบียน ซึ่งประกอบด้วยเรคคอร์ดต่าง ๆ ที่มีข้อมูลเช่น ชื่อ นามสกุล เพศ อายุ และระดับการศึกษา ที่จัดเก็บในรูปแบบของตาราง (เช่น ตารางที่ 1.1 โครงสร้างข้อมูลพื้นฐาน) โดยแต่ละเรคคอร์ดมีฟิลด์ต่าง ๆ ที่เกี่ยวข้องกัน ทำให้สามารถเข้าถึงข้อมูลได้อย่างมีประสิทธิภาพและลดการซ้ำซ้อนของข้อมูล,2026-03-04T23:06:07
9,ประเภทโครงสร้างข้อมูล,1.3.1,"ประเภทของโครงสร้างข้อมูลตามบริบทคือ:

1. **โครงสร้างข้อมูลเชิงเส้น (Linear Data Structure)**  
   - ข้อมูลถูกจัดเรียงต่อเนื่องกันและเข้าถึงได้ตามลำดับ  
   - ตัวอย่าง: ลิสต์ (List), สแตก (Stack), คิว (Queue)

2. **โครงสร้างข้อมูลไม่เชิงเส้น (Non-Linear Structure)**  
   - ข้อมูลถูกจัดเก็บแบบไม่ต่อเนื่อง  
   - เข้าถึงข้อมูลด้วยการระบุตำแหน่ง  
   - ตัวอย่าง: ทรี (Tree), กราฟ (Graph)

*ข้อจำกัด: บริบทนี้ให้ข้อมูลเฉพาะเกี่ยวกับประเภทของโครงสร้างข้อมูล ไม่ได้ครอบคลุมทุกประเภทที่มีอยู่ในทางวิชาโครงสร้างข้อมูล*",2026-03-04T23:06:07
10,ประเภทอัลกอริทึม,1.3.2,"จากบริบทที่ให้มา ประเภทของอัลกอริทึมที่กล่าวถึงมีดังนี้:

1. **อัลกอริทึมแบบละโมบ (Greedy Algorithm)**  
   - แก้ปัญหาโดยเลือกคำตอบที่ดีที่สุดในแต่ละขั้นตอน ไม่พิจารณาผลในอนาคต  
   - ตัวอย่าง: ปัญหาการทอนเหรียญ (เลือกเหรียญที่มีขนาดใหญ่ที่สุดก่อน)

2. **อัลกอริทึมแบบพลวัต (Dynamic Programming Algorithm)**  
   - แบ่งปัญหาเป็นส่วนเล็ก ๆ แล้วแก้ปัญหาจากล่างขึ้นบน (Bottom-up) โดยเก็บผลลัพธ์ที่ได้มาเพื่อใช้ซ้ำ  
   - ตัวอย่าง: การหาตัวเลข Fibonacci

3. **อัลกอริทึมแบบวนซ้ำ (Recursive Algorithm)**  
   - แก้ปัญหาโดยเรียกตัวเองซ้ำ ๆ ด้วยข้อมูลปัญหาส่วนย่อย  
   - ตัวอย่าง: การหา Factorial

4. **อัลกอริทึมแบบสุ่ม (Randomized Algorithm)**  
   - ใช้การสุ่มข้อมูลเพื่อช่วยในการหาคำตอบ  
   - ตัวอย่าง: Quick sort

5. **อัลกอริทึมแบบย้อนรอยดอยหลัง (Backtracking Algorithm)**  
   - ค้นหาเส้นทางทุกเส้นทางที่เป็นไปได้ ถ้าไม่ถูกต้องจะย้อนกลับไปที่ และยังมีอัลกอริทึมอื่น ๆ เช่น อัลกอริทึมแบบแบ่งและเอาชนะ (Divide and Conquer) ซึ่งแบ่งปัญหาใหญ่เป็นส่วนย่อยแล้วแก้แต่ละส่วนแยกกัน รวมถึงอัลกอริทึมแบบเชิงเส้น (Brute Force) ที่ตรวจสอบทุกทางเลือกเพื่อหาคำตอบที่ถูกต้อง ทำให้การเลือกอัลกอริทึมขึ้นอยู่กับลักษณะของปัญหาและข้อจำกัดของเวลาและพื้นที่ที่มี.",2026-03-04T23:06:07
11,ผังงาน,1.4.1,"ผังงาน คือ แผนภาพที่แสดงลำดับขั้นตอนการทำงานของโปรแกรมคอมพิวเตอร์ ตั้งแต่เริ่มต้นจนสิ้นสุดกระบวนการ โดยใช้สัญลักษณ์รูปภาพและลูกศรเพื่อแสดงทิศทางการดำเนินการ

ผังงานแบ่งออกเป็น 2 ประเภท คือ:

1. **ผังงานระบบ (System Flowchart)**  
   - แสดงขั้นตอนการทำงานของระบบงานทั้งหมดอย่างกว้าง ๆ  
   - แสดงความสัมพันธ์ระหว่างการทำงานเอกสารต่าง ๆ และการไหลของข้อมูล เช่น ข้อมูลที่มี ขั้นตอนการประมวลผล  
   - ไม่แสดงวิธีการทำงานหรือขั้นตอนย่อยของแต่ละงาน

2. **ผังงานโปรแกรม (Program Flowchart)**  
   - แสดงขั้นตอนการทำงานของโปรแกรมคอมพิวเตอร์อย่างละเอียด  
   - เริ่มตั้งแต่การนำข้อมูลเข้ามา การประมวลผลข้อมูล แสดงสูตรการคำนวณ การเปรียบเทียบเงื่อนไข การกำหนดให้วนรอบ (loop) และการแสดงผลลัพธ์  
   - ช่วยให้โปรแกรมเมอร์เขียนโปรแกรมได้สะดวกรวดเร็ว

**สัญลักษณ์ที่ใช้ในผังงานตามมาตรฐาน ISO และ ANSI ได้แก่:**  
- **จุดปลาย (Terminal)**: จุดเริ่มต้นและจุดสิ้นสุด  
- **อินพุท/เอาท์พุท (Input/Output)**: การรับข้อมูลหร - **การประมวลผล (Process)**: การประมวลผลข้อมูลหรือการกำหนดค่าต่าง ๆ  
- ผังงานช่วยให้เข้าใจลำดับการทำงานได้ชัดเจน ลดความผิดพลาด และเป็นเครื่องมือที่มีประโยชน์ในการออกแบบและพัฒนาโปรแกรมคอมพิวเตอร์",2026-03-04T23:06:07
12,รหัสเทียม,1.4.2,"รหัสเทียมคือ ขั้นตอนการทำงานของโปรแกรมคอมพิวเตอร์ที่เขียนด้วยภาษาอังกฤษและภาษาคอมพิวเตอร์ผสมกัน โดยไม่คำนึงถึงหลักไวยากรณ์ของภาษาโปรแกรม เพื่อใช้อธิบายโครงสร้างและลำดับขั้นตอนการทำงานของโปรแกรม โดยมีรูปแบบการเขียนดังนี้:  
(1) การกำหนดค่าและคำนวณ: `name = expression` ซึ่ง name คือชื่อตัวแปรที่ใช้เก็บค่า และ expression คือค่าข้อมูลหรือนิพจน์  
(2) การอ่านและการรับข้อมูล  

หมายเหตุ: ข้อมูลนี้มาจากเอกสารประกอบการสอนรายวิชาโครงสร้างข้อมูลและอัลกอริทึม (บทที่ 1 ถึง 5)",2026-03-04T23:06:07
13,โครงสร้างควบคุมแบบเรียงลำดับ (Sequence),1.5.1,"โครงสร้างควบคุมแบบเรียงลำดับ (Sequence) เป็นโครงสร้างการควบคุมที่ทำงานในลักษณะลำดับขั้นตอนต่อเนื่องกันไปในลักษณะขนล่งล่าง ซึ่งการประมวลผลจะดำเนินไปตามแต่ละชุดคำสั่งตามลำดับ เช่น Statement A, Statement B, Statement C โดยไม่มีการแยกกันหรือตัดกันระหว่างคำสั่ง ทุกคำสั่งจะถูกดำเนินการตามลำดับที่กำหนด

ในบริบทนี้ โครงสร้างนี้ถูกอธิบายด้วยภาพที่ 1.1 และภาพที่ 1.2 ซึ่งแสดงถึงการจัดเรียงของคำสั่งในรูปแบบเชิงลำดับ และผังงาน (flowchart) ที่แสดงการไหลของขั้นตอนการดำเนินการตามลำดับ

**สรุป:**  
- ทำงานตามลำดับขั้นตอนต่อเนื่อง  
- คำสั่งถูกดำเนินการตามลำดับ เช่น A → B → C  
- ไม่มีการแยกหรือตัดกันระหว่างคำสั่ง  
- แสดงผ่านภาพที่ 1.1 (โครงสร้างแบบเรียงลำดับ) และภาพที่ 1.2 (ผังงาน)",2026-03-04T23:06:07
14,โครงสร้างควบคุมแบบเลือกการทำงาน (Selection),1.5.2,"โครงสร้างควบคุมแบบเลือกการทำงาน (Selection) คือ โครงสร้างที่ใช้เพื่อตรวจสอบเงื่อนไขหนึ่งทาง โดยถ้าเงื่อนไขเป็นจริง จะดำเนินการคำสั่งที่กำหนด (Statement 1) แต่ถ้าเงื่อนไขเป็นเท็จ จะข้ามคำสั่งนั้นไป โครงสร้างนี้มีรูปแบบพื้นฐานดังนี้:

- `if (expression) Statement 1;`

เมื่อเงื่อนไขเป็นจริง คำสั่ง Statement 1 จะถูกดำเนินการ ถ้าเป็นเท็จ จะไม่ดำเนินการใดๆ ต่อไป โครงสร้างนี้สามารถแสดงได้ในรูปแบบผังงานหรือภาพที่มีเงื่อนไข (condition) แล้วนำไปสู่คำสั่ง Statement 1 และ Statement 2 (ซึ่งอาจเป็นการข้ามหรือไม่ทำอะไรก็ได้) โดยมีตัวอย่างเช่น:

```plaintext
if (age > 60) 
    print ""Older""
```

ซึ่งแสดงให้เห็นว่า ถ้าอายุมากกว่า 60 ปี จะพิมพ์ข้อความว่า ""Older"" แต่ถ้าไม่ใช่ จะไม่ทำอะไร

ข้อสังเกต: โครงสร้างนี้ใช้เพื่อตรวจสอบเงื่อนไขเพียงทางเดียว (1 ทาง) และมีการใช้คำสั่ง `if` ร่วมกับการเปรียบเทียบเงื่อนไข เช่น `age > 60` ซึ่งเป็นการตัดสินใจตามเง ดังนั้น โครงสร้างควบคุมแบบเลือกการทำงานจึงเป็นพื้นฐานของการตัดสินใจในโปรแกรม ที่ช่วยให้โปรแกรมสามารถตอบสนองต่อสถานการณ์ต่าง ๆ ได้ตามเงื่อนไขที่กำหนด และเป็นส่วนหนึ่งของโครงสร้างควบคุมที่สำคัญในทุกภาษาโปรแกรม.",2026-03-04T23:06:08
15,โครงสร้างควบคุมแบบทำซ้ำ (Repetition),1.5.3,"จากบริบทที่ให้มา โครงสร้างควบคุมแบบทำซ้ำ (Repetition) ถูกอธิบายว่าเป็น ""โครงสร้างการทำงานที่สั่งให้ประมวลผลซ้ำคำสั่งที่อยู่ภายในบล็อกของวงจรลูปจะทำงานซ้ำไปเรื่อย ๆ ตามจำนวนรอบที่ต้องการหรือตามเงื่อนไขที่กำหนด""

อย่างไรก็ตาม บริบทนี้ไม่ได้ให้รายละเอียดเพิ่มเติมเกี่ยวกับวิธีการดำเนินการ ตัวอย่างการใช้งาน หรือประเภทของลูป (เช่น for, while, do-while) ที่เกี่ยวข้องกับโครงสร้างนี้

**สรุป:**  
โครงสร้างควบคุมแบบทำซ้ำ (Repetition) คือ การที่คำสั่งภายในบล็อกลูปจะทำงานซ้ำไปเรื่อย ๆ ตามจำนวนรอบหรือเงื่อนไขที่กำหนด

**ข้อจำกัด:** บริบทนี้ให้คำอธิบายพื้นฐานเท่านั้น ไม่มีรายละเอียดเพิ่มเติมเกี่ยวกับการใช้งานหรือตัวอย่างการเขียนโค้ดในรูปแบบเฉพาะ",2026-03-04T23:06:08
16,ความหมายของอาร์เรย์,2.1.1,"ความหมายของอาร์เรย์คือ ชุดของข้อมูลที่จัดเก็บค่าตัวแปรชนิดเดียวกัน และจัดเรียงลำดับก่อนหลัง สามารถเข้าถึงค่าต่าง ๆ ได้โดยใช้ดัชนี (Index) หรือชับสคริปต์ (Subscript) เป็นตัวอ้างอิงตำแหน่งของข้อมูล ทำให้ผู้ใช้สามารถเข้าถึงข้อมูลที่ต้องการได้ทันที (Direct Access)

อาร์เรย์มีลักษณะดังนี้:
- สมาชิกทั้งหมดมีชนิดข้อมูลเดียวกัน
- มีจำนวนสมาชิกที่แน่นอน (จำนวนจำกัด)
- สามารถจัดเป็นโครงสร้าง 1 มิติ, 2 มิติ หรือ 3 มิติ โดยใช้ตัวเลขกำหนดตำแหน่งในแต่ละมิติ
- การอ้างอิงถึงสมาชิกต้องระบุดัชนีในเครื่องหมายวงเล็บ ( ) หรือวงเล็บเหลี่ยม [ ]

อาร์เรย์เป็นโครงสร้างข้อมูลพื้นฐานที่มีการจัดเรียงข้อมูลแบบต่อเนื่อง และใช้ในการสร้างโครงสร้างข้อมูลอื่น ๆ เช่น คิว (Queues), ไบนารีทรี (Binary Tree), สแตก (Stack)",2026-03-04T23:06:08
17,โครงสร้างของอาร์เรย์,2.1.2,โครงสร้างของอาร์เรย์จัดในรูปแบบของแถวและคอลัมน์ ซึ่งมีทั้ง 1 มิติ 2 มิติ และ 3 มิติ โดยใช้ตัวเลขเป็นตัวกำหนดตำแหน่งของข้อมูลในแต่ละมิติ ผู้ใช้สามารถเข้าถึงข้อมูลได้โดยตรง (Direct Access) ผ่านการใช้ดัชนี (Index) ซึ่งระบุตำแหน่งของข้อมูลในลำดับที่แน่นอน ทำให้การเข้าถึงข้อมูลมีความเร็วและมีประสิทธิภาพ โดยการอ้างอิงข้อมูลต้องระบุดัชนีในเครื่องหมายวงเล็บ ( ) หรือวงเล็บเหลี่ยม [ ],2026-03-04T23:06:08
18,อาร์เรย์ 1 มิติ,2.2.1,"อาร์เรย์ 1 มิติ เป็นโครงสร้างข้อมูลที่มีแถวเพียง 1 แถว แต่มีคอลัมน์หลายคอลัมน์ สามารถเขียนได้ในรูปแบบตาราง 2 แบบ คือ อาร์เรย์แนวนอนและอาร์เรย์แนวตั้ง (ดังภาพที่ 2.2)  
ลักษณะสำคัญของอาร์เรย์ 1 มิติ ได้แก่:

1. เป็นโครงสร้างเชิงเส้น (Linear Structure) ที่จัดเก็บข้อมูลเป็นแนวเส้นตรงที่ต่อเนื่องกัน  
2. จัดเก็บข้อมูลแบบเรียงลำดับ (Order) เช่น เรียงตามลำดับของวันในสัปดาห์  
3. ข้อมูลภายในช่องจัดเก็บเป็นข้อมูลชนิดเดียวกัน (Homogenous Data Type) ทุกช่องต้องมีชนิดข้อมูลเดียวกัน (เช่น ทั้งหมดเป็นตัวเลขหรือตัวอักษร)  
4. มีโครงสร้างตายตัว (Static Structure) คือ ขนาดของช่องตารางถูกกำหนดไว้ล่วงหน้า และไม่สามารถขยายได้  
5. สามารถเข้าถึงข้อมูลได้แบบสุ่ม (Random Access) หมายถึง สามารถเข้าถึงข้อมูลในช่องใดช่องหนึ่งได้โดยไม่ต้องผ่านช่องอื่น ๆ  

ข้อมูลทั้งหมดอ้างอิงจากบริบทในหน้าที่ 14 ของเอกสารประกอบการสอนรายวิชาโครงสร้างข้อมูลและอัลกอริทึ ดังนั้น อาร์เรย์ 1 มิติ จึงเป็นโครงสร้างข้อมูลที่ใช้งานง่ายและมีประสิทธิภาพในการเข้าถึงข้อมูล โดยเฉพาะเมื่อต้องการจัดเก็บข้อมูลที่มีความสัมพันธ์กันในรูปแบบเรียงลำดับ ซึ่งเหมาะกับการประยุกต์ใช้ในงานต่าง ๆ เช่น การจัดเก็บคะแนน หรือข้อมูลของรายการที่มีลำดับชัดเจน ทั้งนี้ ข้อมูลทั้งหมดมีลักษณะเป็นแบบเดียวกันและมีขนาดคงที่ตามที่กำหนดไว้ล่วงหน้า",2026-03-04T23:06:08
19,อาร์เรย์ 2 มิติ,2.2.2,"อาร์เรย์ 2 มิติ เป็นอาร์เรย์ที่มีหลายแถวและหลายคอลัมน์ ซึ่งถูกกำหนดโดยตำแหน่งของแถวและคอลัมน์ โดยสามารถแสดงได้ในรูปแบบของตาราง เช่น อาร์เรย์ A(M,N) ที่มีมิติที่ 1 ตั้งแต่ 1 ถึง M และมิติที่ 2 ตั้งแต่ 1 ถึง N ค่าสูงสุด (Upper bound) ของแต่ละมิติคือ M และ N ตามลำดับ รูปแบบการเขียนสามารถใช้รูปแบบเซต เช่น A[1:3,1:3] ซึ่งแสดงว่ามิติที่ 1 คือ 1 ถึง 3 และมิติที่ 2 คือ 1 ถึง 3 โดยมีการอ้างอิงภาพที่ 2.4 และ 2.5 ที่แสดงรูปแบบการจัดเก็บและเขียนเซตของอาร์เรย์ 2 มิติ

ข้อมูลเกี่ยวกับการจัดเก็บในหน่วยความจำ เช่น ตำแหน่งที่เริ่มต้นที่ 200 และความกว้าง 10 ไบต์ ถูกอธิบายในบริบทที่เกี่ยวข้องกับอาร์เรย์ที่มีชื่อว่า NEW ซึ่งอาจเป็นตัวอย่างเฉพาะ แต่ไม่ได้ระบุว่าเป็นการจัดเก็บของอาร์เรย์ 2 มิติโดยตรง ดังนั้นไม่สามารถสรุปเป็นข้อมูลหลักเก ดังนั้น ข้อมูลเกี่ยวกับการจัดเก็บในหน่วยความจำของอาร์เรย์ 2 มิติจึงต้องพิจารณาจากโครงสร้างการจัดเรียงของแถวและคอลัมน์ ซึ่งส่งผลต่อตำแหน่งที่ใช้ในการเข้าถึงข้อมูล รวมถึงการคำนวณตำแหน่งในหน่วยความจำตามสูตรการจัดเก็บแบบแถว (row-major) หรือคอลัมน์ (column-major) ตามที่ระบุในบริบทของโครงสร้างข้อมูล.",2026-03-04T23:06:08
20,ความหมายของลิงค์ลิสต์,2.3.1,"ความหมายของลิงค์ลิสต์จากบริบทคือ  

ลิงค์ลิสต์เป็นโครงสร้างข้อมูลที่จัดเก็บข้อมูลในรูปของโหนดต่อเนื่องกัน แต่ละโหนดประกอบด้วยสองส่วน คือ ส่วนที่จัดเก็บข้อมูล และส่วนที่จัดเก็บพอยน์เตอร์ ซึ่งใช้เพื่อเชื่อมโยงกับโหนดถัดไป โดยโหนดสุดท้ายจะมีพอยน์เตอร์ที่มีค่าเป็น NULL แสดงว่าไม่มีโหนดถัดไป  

ลิงค์ลิสต์มีลักษณะไม่เป็นเชิงเส้น และข้อมูลถูกจัดเก็บในหน่วยความจำที่ไม่ต้องต่อเนื่องกัน ซึ่งการเพิ่มหรือลบข้อมูลต้องใช้การจัดสรรหน่วยความจำใหม่และใช้พอยน์เตอร์ในการเชื่อมโยง  

ข้อมูลที่จัดเก็บแต่ละรายการเรียกว่า 1 โหนด และการนำข้อมูลเข้าจะต้องขอใช้งานหน่วยความจำใหม่ก่อน โดยใช้พอยน์เตอร์ไปชี้ตำแหน่งหน่วยความจำที่จะใช้  

(ข้อมูลทั้งหมดอ้างอิงจากบริบทที่ให้มา)",2026-03-04T23:06:08
21,โครงสร้างของลิงค์ลิสต์,2.3.2,"โครงสร้างของลิงค์ลิสต์ประกอบด้วยโหนด (Node) ที่แต่ละโหนดมีสองส่วนหลัก คือ  
1. **ส่วนที่จัดเก็บข้อมูล (data)**  
2. **ส่วนที่จัดเก็บพอยน์เตอร์ (link)** ซึ่งใช้ชี้ไปยังโหนดถัดไปในลิงค์ลิสต์  

ลิงค์ลิสต์เป็นโครงสร้างข้อมูลแบบเชิงเส้น (Linear Structure) และเป็นโครงสร้างแบบไดนามิก (Dynamic Structure) ซึ่งไม่ต้องกำหนดพื้นที่หน่วยความจำล่วงหน้า สามารถเพิ่มหรือลบโหนดได้ตลอดการประมวลผล โดยการเชื่อมโยงระหว่างโหนดทำผ่านพอยน์เตอร์ โหนดแรกจะมีพอยน์เตอร์ชี้ไปยังโหนดถัดไป จนถึงโหนดสุดท้ายที่มีพอยน์เตอร์เป็น ""ลิสต์ว่าง"" (Empty link list)  

ลิงค์ลิสต์แบบทิศทางเดียวเป็นรูปแบบพื้นฐานของลิงค์ลิสต์ที่มีการเชื่อมโยงด้วยพอยน์เตอร์ไปในทิศทางเดียว ซึ่งเป็นโครงสร้างที่ใช้ในการจัดเก็บข้อมูลที่สามารถปรับเปลี่ยนได้ตามความต้องการในระหว่างการประมวลผล  

*ข้อจำกัด: บริบทที่ให้มาเน้นเฉพาะลิงค์ลิสต์ ดังนั้น โครงสร้างของลิงค์ลิสต์จึงมีความยืดหยุ่นสูงในการจัดการข้อมูล โดยเฉพาะในกรณีที่ต้องเพิ่มหรือลบข้อมูลบ่อยครั้ง ทำให้เหมาะกับการประมวลผลที่มีการเปลี่ยนแปลงอยู่ตลอดเวลา โครงสร้างนี้เป็นพื้นฐานที่นำไปสู่ลิงค์ลิสต์ที่ซับซ้อนมากขึ้น เช่น ลิงค์ลิสต์แบบสองทิศทางหรือลิงค์ลิสต์วงกลม",2026-03-04T23:06:08
22,โครงสร้างลิงค์ลิสต์แบบทิศทางเดียว,2.4.1,"โครงสร้างลิงค์ลิสต์แบบทิศทางเดียวประกอบด้วยโหนดที่มีสองส่วนสำคัญ:

1. **ส่วนเก็บข้อมูล (data)** – ใช้จัดเก็บข้อมูลที่ต้องการเก็บในโหนด  
2. **ฟิลด์การเชื่อมโยง (link)** – ใช้พอยน์เตอร์เชื่อมโยงไปยังโหนดถัดไปในลิสต์เพียงทิศทางเดียว  

ลิงค์ลิสต์แบบทิศทางเดียวมีการเชื่อมโยงด้วยพอยน์เตอร์ไปในทิศทางเดียว คือ ไปยังโหนดต่อไปในลำดับของลิสต์ โดยพอยน์เตอร์จะเชื่อมโยงไปยังโหนดถัดไป ถ้าไม่มีโหนดถัดไป ค่าของพอยน์เตอร์จะเป็น **null** หรือเรียกอีกอย่างว่า ""ลิสต์ว่าง (Empty List)""

ลิงค์ลิสต์แบบนี้เป็นรูปแบบพื้นฐานของลิงค์ลิสต์ที่สามารถปรับโครงสร้างได้ตลอดการประมวลผล (โครงสร้างแบบไดนามิก) และมีการใช้ในการดำเนินการเช่น การสร้างลิสต์ (Create List) โดยต้องประกาศพอยน์เตอร์ไปยังโหนดเริ่มต้น (head node) ซึ่งเริ่มต้นด้วยค่า null และจำนวนสมาชิกเป็นศูนย์ เมื่อเพิ่มโหนด โหนด เมื่อเพิ่มโหนดใหม่ โหนดดังกล่าวจะถูกเชื่อมโยงเข้าไปที่ท้ายหรือตำแหน่งใดตำแหน่งหนึ่งของลิสต์ผ่านการอัปเดตค่าพอยน์เตอร์ของโหนดก่อนหน้า  
การเข้าถึงข้อมูลในลิงค์ลิสต์แบบทิศทางเดียวทำได้โดยการเริ่มจากโหนดแรก (head) และเคลื่อนที่ไปยังโหนดถัดไปตามพอยน์เตอร์  
ด้วยลักษณะการเชื่อมโยงที่มีทิศทางเดียว ลิงค์ลิสต์แบบนี้เหมาะกับการดำเนินการที่ต้องการเพิ่มหรือลบข้อมูลที่ตำแหน่งสุดท้ายหร",2026-03-04T23:06:08
23,การทำงานของลิงค์ลิสต์แบบทิศทางเดียว,2.4.2,"การทำงานของลิงค์ลิสต์แบบทิศทางเดียวมีดังนี้:

1. **โครงสร้างโหนด**: แต่ละโหนดประกอบด้วยสองส่วน คือ ส่วนของข้อมูล และฟิลด์ที่เก็บค่าการเชื่อมโยง (link) ซึ่งใช้พอยน์เตอร์เชื่อมโยงไปยังโหนดต่อไปในลิสต์

2. **ทิศทางของพอยน์เตอร์**: พอยน์เตอร์ในลิงค์ลิสต์แบบทิศทางเดียวจะเชื่อมไปยังโหนดต่อไปเท่านั้น ไม่สามารถกลับไปยังโหนดก่อนหน้าได้ เมื่อไม่มีโหนดต่อไป พอยน์เตอร์จะถูกกำหนดเป็นค่า null หรือ ""ลิสต์ว่าง""

3. **การสร้างลิสต์ (Create List)**:
   - ตั้งต้นก่อนการสร้างลิสต์จะไม่มีการเชื่อมโยงไปยังโหนดใด
   - เมื่อสร้างลิสต์ ต้องประกาศพอยน์เตอร์ให้ไปยังโหนดเริ่มต้น (head node)
   - ลิสต์จะเริ่มต้นด้วยจำนวนสมาชิกเป็น 0 และพอยน์เตอร์เริ่มต้นที่ null

4. **การเพิ่มโหนด (Add Node)**:
   - สามารถเพิ่มโหนดต่อเนื่องกันได้โดยใช้พอยน์เตอร์เชื่อมโยง การดำเนินการทั้งหมดในลิงค์ลิสต์แบบทิศทางเดียวต้องอาศัยการจัดการพอยน์เตอร์อย่างถูกต้อง เพื่อให้สามารถเข้าถึงโหนดต่อไปได้ตามลำดับ และการลบหรือค้นหาข้อมูลก็ต้องอาศัยการเคลื่อนที่ผ่านพอยน์เตอร์ตามทิศทางเดียวด้วย",2026-03-04T23:06:08
24,โครงสร้างคิว,3.1,"โครงสร้างคิวเป็นโครงสร้างข้อมูลแบบเชิงเส้น (Linear structure) ที่มีลักษณะเฉพาะดังนี้:

1. **ลักษณะการเข้าและออกข้อมูล**: ข้อมูลที่เข้ามาต่อส่วนท้ายของคิว (เรียกว่า rear) จะต้องออกทางส่วนหัวของคิว (เรียกว่า front) ตามหลัก ""เข้าก่อนออกก่อน"" หรือ First In First Out (FIFO)

2. **การดำเนินการพื้นฐาน**:
   - **Enqueue**: การนำข้อมูลเข้ามาที่ด้านท้ายของคิว (rear)
   - **Dequeue**: การนำข้อมูลออกที่ด้านหน้าของคิว (front)

3. **ลักษณะโครงสร้าง**:
   - เป็นโครงสร้างแบบไม่ตายตัว (Dynamic structure) ที่สามารถเพิ่มหรือลดข้อมูลได้ตลอดเวลา ทำให้ขนาดของข้อมูลเปลี่ยนแปลงได้ตามความต้องการ
   - ข้อมูลที่อยู่ที่ด้านหน้า (front) จะถูกดึงออกก่อน ข้อมูลที่อยู่ด้านหลัง (rear) จะถูกเพิ่มเข้ามาหลัง

4. **การดำเนินการ Dequeue**:
   - ต้องตรวจสอบก่อนว่าคิวไม่ว่าง (ไม่เกิด underflow)
   - เมื่อทำการดึงข้อมูลออก ตำแหน่ง front จะเลื่อนไปข้างหน้า (front = front + 1)

5. **ตัวอย่างการดำเนินการ**: เมื่อคิวมีข้อมูล 3 ตัว (เช่น A, B, C) การดึง ข้อมูลที่อยู่ที่ด้านหน้า (front) จะถูกดึงออกก่อน และข้อมูลที่อยู่ที่ด้านหลัง (rear) จะถูกเพิ่มเข้ามาหลัง ทำให้การจัดการข้อมูลมีความเป็นระบบและสอดคล้องกับหลักการ FIFO อย่างชัดเจน ซึ่งเหมาะสำหรับสถานการณ์ที่ต้องการการจัดลำดับการดำเนินการตามลำดับการเข้ามาของข้อมูล",2026-03-04T23:06:08
25,การนำข้อมูลเข้า (Enqueue),3.2.1,"การนำข้อมูลเข้า (Enqueue) คือการเพิ่มข้อมูลเข้าสู่คิว โดยข้อมูลจะถูกนำเข้าไปที่ด้านท้ายของคิว (rear) โดยมีขั้นตอนดังนี้:

1. ต้องตรวจสอบก่อนว่าคิวไม่เต็ม (ไม่เกิด Overflow) ถ้าคิวเต็มจะไม่สามารถเพิ่มข้อมูลได้  
2. หากคิวไม่เต็ม ข้อมูลจะถูกเพิ่มเข้าไปที่ตำแหน่ง rear  
3. ค่าของ pointer rear จะถูกเพิ่มขึ้น 1 คือ `rear = rear + 1`  
4. ข้อมูลที่ถูกเพิ่มเข้ามาจะเป็นข้อมูลส่วนท้ายของคิว  

ตัวอย่าง: หากคิวมีข้อมูล A และ B แล้วนำข้อมูล C ไปเพิ่ม ข้อมูล C จะถูกต่อท้ายข้อมูล B ทำให้ข้อมูลส่วนท้ายเปลี่ยนจาก B เป็น C และ pointer rear ถูกปรับเป็นตำแหน่งของ C  

การดำเนินการนี้ใช้ในโครงสร้างคิวที่แทนด้วยอาร์เรย์ โดยต้องมีการกำหนดขนาดสูงสุดของคิว (Maxsize) และใช้ pointer front และ rear เพื่อจัดการตำแหน่งของข้อมูลส่วนหัวและส่วนท้าย",2026-03-04T23:06:08
26,การนำข้อมูลออก (Dequeue),3.2.2,"การนำข้อมูลออก (Dequeue) ของคิวมีขั้นตอนดังนี้:

1. **ตรวจสอบก่อนดำเนินการ**: ต้องตรวจสอบก่อนว่าคิวว่าง (Underflow) หรือไม่ ถ้าคิวว่าง ไม่สามารถนำข้อมูลออกได้  
2. **ดำเนินการนำข้อมูลออก**: ถ้าคิวไม่ว่าง ข้อมูลที่อยู่ที่ตำแหน่งส่วนหัว (front) จะถูกนำออก  
3. **เคลื่อนย้ายตำแหน่ง front**: หลังจากนำข้อมูลออก ตำแหน่ง front จะถูกเคลื่อนไปหน้า (front = front + 1)  
4. **รักษาลักษณะคิว**: การดำเนินการนี้สอดคล้องกับหลักการ ""เข้าก่อนออกก่อน"" (First In First Out) ซึ่งข้อมูลที่เข้ามาตั้งแต่แรกจะถูกดึงออกก่อน  

ข้อมูลที่ถูกนำออกจะเป็นข้อมูลที่อยู่ที่ด้านหน้าของคิว (front) และการเปลี่ยนแปลงตำแหน่ง front ทำให้ข้อมูลถัดไปอยู่ที่ตำแหน่งใหม่ของ front ตามลำดับ.",2026-03-04T23:06:08
27,โครงสร้างของการแทนคิวด้วยอาร์เรย์,3.3.1,"โครงสร้างของการแทนคิวด้วยอาร์เรย์ ประกอบด้วย:

1. **การกำหนดขนาดสูงสุดของพื้นที่เก็บข้อมูล (Maxsize)**: ต้องระบุจำนวนสูงสุดของพื้นที่ที่จะใช้ในการเก็บข้อมูลในอาร์เรย์  
2. **พอยน์เตอร์ front และ rear**:  
   - **front**: ใช้เพื่อระบุตำแหน่งของข้อมูลที่อยู่ที่หัวของคิว (ตำแหน่งที่จะนำข้อมูลออก)  
   - **rear**: ใช้เพื่อระบุตำแหน่งของข้อมูลที่อยู่ที่ด้านท้ายของคิว (ตำแหน่งที่จะนำข้อมูลเข้า)  

การนำข้อมูลเข้า (enqueue) เกิดที่ด้านท้าย (rear) และการนำข้อมูลออก (dequeue) เกิดที่ส่วนหัว (front) ตามลำดับ ซึ่งการดำเนินการนี้ถูกแสดงในภาพที่ 3.4 ที่อธิบายการนำเข้าและนำออกข้อมูลในโครงสร้างอาร์เรย์",2026-03-04T23:06:08
28,การดำเนินการแทนคิวด้วยอาร์เรย์,3.3.2,"การดำเนินการแทนคิวด้วยอาร์เรย์ ได้แก่ การเพิ่มข้อมูล (insert) ผ่านทางด้าน **rear** และการดึงข้อมูล (remove) ออกจากด้าน **front** ตามลำดับ

- การ **insert (Q, M)** คือ การเพิ่มข้อมูล M ที่ตำแหน่ง rear ของคิว Q  
- การ **remove (Q)** คือ การดึงข้อมูลที่อยู่ที่ตำแหน่ง front ของคิว Q ออก

ตัวอย่างจากบริบท:
- หลังจาก insert ข้อมูล M ที่ rear แล้ว ข้อมูลที่อยู่ที่ front จะถูกดึงออกตามลำดับ เช่น ข้อมูล C, แล้วเป็น O ต่อไป
- คิวมีโครงสร้างแบบลำดับ ที่ข้อมูลที่ถูกเพิ่มเข้ามาจะอยู่ท้าย (rear) และข้อมูลที่ถูกดึงออกจะเป็นข้อมูลที่อยู่ด้านหน้า (front)

ข้อสังเกต: คิวในอาร์เรย์มีการจัดการด้วยตัวชี้ (index) ที่ front และ rear เพื่อระบุตำแหน่งที่ต้องเพิ่มหรือดึงข้อมูล

**สรุป**: การดำเนินการคิวในอาร์เรย์ คือ การเพิ่มที่ rear และดึงที่ front โดยใช้ตัวชี้ front และ rear เพื่อจัดการตำแหน่งของข้อมูลในคิว",2026-03-04T23:06:08
29,การดำเนินการแทนคิวด้วยวงกลม,3.3.3,"การดำเนินการแทนคิวด้วยวงกลม (Circular Queue) มีลักษณะดังนี้:

- คิวท้าย (rear) จะถูกเชื่อมต่อกับคิวส่วนหัว (front) ทำให้โครงสร้างดูเหมือนวงกลม  
- เมื่อทำการ **Enqueue** ข้อมูล เข้ามา จะดำเนินการต่อไปที่ตำแหน่ง rear โดยมีทิศทางตามเข็มนาฬิกา หรือจากซ้ายไปขวา  
- เมื่อเพิ่มข้อมูลเข้ามา ตำแหน่ง rear จะถูกอัปเดตไปยังตำแหน่งถัดไป (เช่น ตำแหน่ง Q[1])  
- เมื่อทำการ **Dequeue** ข้อมูล จะดำเนินการที่ตำแหน่ง front ซึ่งทำให้พื้นที่ว่างในคิวสามารถถูกใช้งานได้ใหม่  

การใช้โครงสร้างแบบวงกลมช่วยให้สามารถใช้พื้นที่ที่ว่างได้อย่างมีประสิทธิภาพ โดยไม่ต้องสร้างคิวใหม่เมื่อเกิดการเคลื่อนย้ายข้อมูลในคิว",2026-03-04T23:06:08
30,โครงสร้างสแตก (Stack),4.1,"โครงสร้างสแตก (Stack) เป็นโครงสร้างข้อมูลแบบเชิงเส้น (Linear structure) ที่จัดเรียงข้อมูลต่อเนื่องกัน โดยมีลักษณะการดำเนินการตามหลัก **Last In First Out (LIFO)** หรือ ""เข้าที่หลัง ออกก่อน"" ซึ่งหมายความว่าข้อมูลที่ถูกใส่เข้าไปก่อนจะต้องถูกดึงออกก่อน ข้อมูลที่ถูกใส่เข้าไปหลังสุดจะเป็นข้อมูลที่ถูกดึงออกก่อน

การดำเนินการในโครงสร้างสแตกมีสองแบบ:
- **Push**: การนำข้อมูลเข้าสู่สแตก โดยข้อมูลจะถูกจัดที่ตำแหน่งบนสุด (top)
- **Pop**: การดึงข้อมูลออกจากสแตก โดยข้อมูลที่ถูกดึงออกจะเป็นข้อมูลที่อยู่ที่ตำแหน่งบนสุด (top)

การเข้า-ออกของข้อมูลเกิดขึ้นที่ตำแหน่งบนสุด (top) เท่านั้น ซึ่งคล้ายกับการวางจานซ้อนกัน โดยการหยิบจานออกต้องหยิบจานที่อยู่บนสุดก่อน

โครงสร้างสแตกจัดเรียงข้อมูลในรูปแบบเชิงเส้น คล้ายกับอาร์เรย์และเรคอร์ด และมีลักษณะที่สามารถแสดงได้ผ่านภาพ (เช่น ภาพที่ 4.1) ซึ่งแสดงการนำข้อมูลเข้า (push) และดึงออก (pop) ตามลำดับ โดยตัวอย่างในบริบท ข้อมูลที่ถูก ใส่เข้าไปหลังสุดจะเป็นข้อมูลที่ถูกดึงออกก่อน ทำให้สแตกมีการใช้งานในหลายกรณี เช่น การจัดการฟังก์ชันเรียกซ้ำ (function call stack) และการตรวจสอบความสมดุลของวงเล็บ ซึ่งช่วยให้การจัดการข้อมูลเป็นไปอย่างมีระเบียบและแม่นยำ.",2026-03-04T23:06:08
31,การนำข้อมูลเข้า (Push),4.2.1,"การนำข้อมูลเข้า (Push) คือ การเพิ่มข้อมูลลงในสแตก โดยข้อมูลจะถูกจัดเก็บไว้ที่ตำแหน่งบนสุด (top) ของสแตก

- กรณีที่สแตกไม่มีข้อมูลเลย ข้อมูลที่ push เข้าไปจะเป็นตำแหน่งแรกและถือว่าเป็นตำแหน่ง top
- กรณีที่สแตกมีข้อมูลแล้ว ข้อมูลใหม่จะถูกจัดเก็บอยู่ที่ตำแหน่งต่อจาก top และค่า top จะถูกปรับให้อยู่ที่ข้อมูลที่เพิ่มเข้ามาใหม่
- ต้องมีการตรวจสอบก่อนการ push ว่าสแตก **ไม่เต็ม (ไม่เกิด stack overflow)** หรือไม่ ถ้าสแตกเต็มแล้วจะเกิดข้อผิดพลาดเรียกว่า **stack overflow**
- การ push เกิดขึ้นที่ตำแหน่งบนสุดเท่านั้น ตามหลักการ LIFO (Last In, First Out)
- การดำเนินการ push สามารถทำได้ทั้งในกรณีที่สแตกว่างหรือมีข้อมูลอยู่แล้ว

ตัวอย่างจากบริบท:  
ก่อน push: สแตกมีข้อมูล 20, 15, 10, 5 ตำแหน่ง top อยู่ที่ 15  
เมื่อ push 20 เข้าไป: ข้อมูล 20 ถูกจัดเก็บที่ตำแหน่งบนสุด และ top ถูกปรับเป็น 20",2026-03-04T23:06:08
32,การดึงข้อมูลออก (Pop),4.2.2,"การดึงข้อมูลออก (Pop) ในสแตก คือ การนำข้อมูลที่อยู่บนสุด (ที่ตำแหน่ง top) ออกจากระบบ โดยมีขั้นตอนดังนี้:

1. **ต้องตรวจสอบก่อนว่าสแตกไม่ว่าง (ไม่เกิด underflow)** ถ้าสแตกว่าง ไม่สามารถดำเนินการ pop ได้ เพราะจะเกิดข้อผิดพลาด (stack underflow)

2. **การดำเนินการ pop**:
   - ข้อมูลที่อยู่ที่ตำแหน่ง top จะถูกนำออก
   - ตำแหน่งของ top จะถูกปรับลดลง 1 คือ `top = top - 1`

3. **ลักษณะการดำเนินการ**:
   - ตัวแปร `top` ไม่ใช่ตัวดำเนินการในการลบค่า แต่เป็นตัวบ่งชี้ตำแหน่งของข้อมูลบนสุด
   - หลังจาก pop ข้อมูลออก ค่าที่ถูกคืนคือค่าที่อยู่ที่ตำแหน่ง top ก่อนหน้า

ตัวอย่างจากบริบท:  
เริ่มต้นที่ top = 20 (มีข้อมูล 20 อยู่บนสุด) เมื่อทำการ pop ข้อมูล 20 จะถูกนำออก และ top ถูกปรับเป็น 15

ดังนั้น การ pop ต้องมีการตรวจสอบว่าสแตกไม่ว่าง และจะทำให้ข้อมูลบนสุดถูกนำออกพร้อมกับการลดตำแหน่งของ top ลง 1 ตำแหน่ง",2026-03-04T23:06:08
33,ตำแหน่งบนสุด (top),4.2.3,"ตำแหน่งบนสุด (top) คือ ตำแหน่งของข้อมูลที่อยู่บนสุดของสแตก  
- การดำเนินการ push หรือ pop ข้อมูลจะต้องทำที่ตำแหน่งนี้เท่านั้น  
- เมื่อทำการ push ข้อมูล ตำแหน่งของ top จะเพิ่มขึ้น คือ `top = top + 1`  
- เมื่อทำการ pop ข้อมูล ตำแหน่งของ top จะลดลง คือ `top = top - 1` ซึ่งเป็นการคืนค่าข้อมูลที่อยู่บนสุด และไม่ใช่การลบค่าโดยตรง  
- ต้องมีการตรวจสอบก่อนการ pop ว่าสแตกไม่ว่าง (ไม่ underflow) และก่อนการ push ว่าสแตกไม่เต็ม (ไม่ overflow)  
- ค่า top เฉพาะเพียงค่าที่บอกตำแหน่งของข้อมูลบนสุดเท่านั้น ไม่ใช่ตัวดำเนินการในการลบหรือเพิ่มข้อมูลโดยตรง",2026-03-04T23:06:08
34,การดำเนินการแทนสแตกด้วยอาร์เรย์,4.3.1,"การดำเนินการแท่นสแตกด้วยอาร์เรย์ มีการทำงานพื้นฐาน 4 ประการ ดังนี้:

1. **เพิ่มข้อมูลลงในสแตก (Push)**  
   - `push(s, A)` คือ การเพิ่มข้อมูล 'A' ลงในส่วน top ของสแตก s ดังภาพที่ 4.5(a)  
   - `push(s, B)` คือ การเพิ่มข้อมูล 'B' ลงในส่วน top ของสแตก s ดังภาพที่ 4.5(b)  
   - `push(s, C)` คือ การเพิ่มข้อมูล 'C' ลงในส่วน top ของสแตก s ดังภาพที่ 4.5(c)  
   - `push(s, D)` คือ การเพิ่มข้อมูล 'D' ลงในส่วน top ของสแตก s ดังภาพที่ 4.5(d)

การดำเนินการนี้แสดงให้เห็นว่าข้อมูลจะถูกจัดเก็บในอาร์เรย์ โดยข้อมูลใหม่จะถูกใส่ที่ตำแหน่ง top ของสแตก และค่า top จะเพิ่มขึ้นตามลำดับ ซึ่งสามารถสังเกตได้จากตารางที่แสดงการเปลี่ยนแปลงของค่า top หลังการดำเนินการแต่ละครั้ง

**ข้อจำกัด**: บริบทไม่ได้ระบุการดำเนินการอื่น ๆ เช่น การนำข้อมูลออก (Pop) หรือการตรวจสอบข้อมูลบน top (Top) อย่างชัดเจน จึงไม่สามารถสรุปได้ทั้งหมดในบริบท ดังนั้น การดำเนินการแท่นสแตกด้วยอาร์เรย์จึงสามารถจัดการข้อมูลได้อย่างมีประสิทธิภาพ โดยใช้โครงสร้างอาร์เรย์เพื่อจัดเก็บข้อมูลในลักษณะ LIFO (Last In, First Out) และสามารถควบคุมตำแหน่งของข้อมูลได้ด้วยค่าตัวแปร top ที่เพิ่มขึ้นเมื่อเพิ่มข้อมูลเข้าไป",2026-03-04T23:06:08
35,การประยุกต์ใช้งานสแตกในการเปลงรูปนิพจน์ทางคณิตศาสตร์,4.3.2,"การประยุกต์ใช้งานสแตกในการแปลงรูปนิพจน์ทางคณิตศาสตร์มีดังนี้:

1. **การแปลงนิพจน์ Infix เป็น Postfix**  
   - นำข้อมูล (อินพุต) ทีละตัวเข้าสู่สแตก  
   - ถ้าเป็น **ตัวถูกดำเนินการ (Operand)** เช่น ตัวเลข หรือตัวแปร ให้นำออกเป็นผลลัพธ์ (output)  
   - ถ้าเป็น **ตัวดำเนินการ (Operator)** เช่น +, -, *, /  
     - ถ้าสแตกว่าง ให้ push ตัวดำเนินการลงสแตก  
     - ถ้าสแตกไม่ว่าง ให้เปรียบเทียบกับตัวดำเนินการที่อยู่ที่ top ของสแตก  
       - ถ้าตัวดำเนินการที่เข้ามีความสำคัญมากกว่า ให้ push ลงสแตก  
       - ถ้ามีความสำคัญน้อยกว่าหรือเท่ากัน ให้ pop ตัวดำเนินการที่อยู่ที่ top ออกเป็นผลลัพธ์ก่อน  
   - ถ้าเป็น **วงเล็บเปิด (**) ให้ push ลงสแตก  
   - ถ้าเป็น **วงเล็บปิด (])** ให้ pop ตัวดำเนินการออกจากสแตกจนกว่าจะพบวงเล็บเปิด แล้วยกเลิกวงเล็บปิด  
   - เมื่อทุกตัวอินพุตถูกประมวลผลแล้ว ถ้ายังมีตัวดำเนินการเหลืออยู่ในสแตก ให้ pop ทั และเมื่อทุกตัวอินพุตถูกประมวลผลแล้ว ถ้ายังมีตัวดำเนินการเหลืออยู่ในสแตก ให้ pop ทั้งหมดออกเป็นผลลัพธ์ ซึ่งจะได้รูปนิพจน์ Postfix ที่สามารถนำไปคำนวณได้โดยตรงในระบบคอมพิวเตอร์ ทำให้การคำนวณมีความแม่นยำและรวดเร็วขึ้น",2026-03-04T23:06:08
36,โครงสร้างทรี (Tree),5.1,"โครงสร้างทรี (Tree) เป็นโครงสร้างข้อมูลที่มีลักษณะเป็นรูปเชิงระดับ (Hierarchical Structure) ซึ่งข้อมูลถูกจัดเก็บเป็นชั้น ๆ หรือระดับ (level) โดยมีลักษณะดังนี้:

1. **โครงสร้างเชิงระดับ (Hierarchical Structure)**: ข้อมูลถูกจัดเรียงเป็นชั้น ๆ ซึ่งแต่ละชั้นเชื่อมโยงกัน โดยโหนดที่อยู่ด้านบนเรียกว่า Root Node ซึ่งเชื่อมไปยังโหนดระดับล่าง ๆ ที่เรียกว่า Subtree

2. **โครงสร้างไม่ตายตัว (Dynamic Structure)**: สามารถเพิ่มหรือลดข้อมูลได้ตลอดเวลาในระหว่างการทำงาน

3. **รองรับการนำข้อมูลเข้าและออก (Insertion and Deletion)**: เนื่องจากโครงสร้างไม่ตายตัว จึงสามารถดำเนินการเพิ่มหรือลบข้อมูลได้ตลอดเวลา

4. **เข้าถึงข้อมูลแบบลำดับ (Ordered Traversal)**: การเข้าถึงข้อมูลต้องทำตามลำดับ เช่น เริ่มจากโหนดราก (Root Node) แล้วไล่ไปยังโหนดด้านล่างซ้ายไปจนถึงด้านขวา ตามลำดับที่กำหนด

> หมายเหตุ: โครงสร้างทรีมีการกลับด้านจากต้นไม้ในธรรมชาติ โดยรากอยู่ด้านบน ไม่ใช่ด้านล่าง ซึ่งเป็นจุดสำคัญในการเข้า จุดนี้สำคัญต่อการเข้าใจการจัดการข้อมูลในโครงสร้างทรี เพราะช่วยให้สามารถค้นหา จัดเรียง และเข้าถึงข้อมูลได้อย่างมีประสิทธิภาพตามลำดับที่กำหนด ทำให้เหมาะกับการใช้งานในงานเช่น การค้นหาข้อมูล (Search) การจัดเรียง (Sorting) และการจัดเก็บข้อมูลแบบมีลำดับ (Ordered Data)",2026-03-04T23:06:08
37,ทรีทั่วไป (General Tree),5.2.1,"ทรีทั่วไป (General Tree) เป็นหนึ่งในสองชนิดของทรีที่สามารถระบุได้ ซึ่งมีโครงสร้างการเก็บข้อมูลในรูปของ **โหนด (Node)** และเส้นเชื่อมที่เรียกว่า **บรรณ์ (Branch)** หรือ **สาขาระดับที่ 0 (Level 0)** ที่เชื่อมโยงจากโหนดหนึ่งไปยังอีกโหนดหนึ่ง

- โหนดแรกในทรีเรียกว่า **โหนดราก (Root node)** หรือรูท (root) ซึ่งเป็นจุดเริ่มต้นของโครงสร้าง
- โหนดรากเชื่อมโยงไปยังโหนดอื่นๆ ที่อยู่ในระดับที่ 1 (Level 1) แล้วต่อไปยังระดับถัดไปจนถึงระดับสุดท้าย ซึ่งเรียกว่า **โหนดใบ (Leaf node)**
- จำนวนของ **เส้นบรรณ์ (Branch)** ในโครงสร้างทรีจะเท่ากับจำนวนของ **โหนด** ทั้งหมด
- แต่ละโหนดสามารถมีจำนวนลูก (หรือดีกรี) ได้หลายตัว ไม่จำเป็นต้องเท่ากัน เช่น โหนดหนึ่งอาจมี 3 ลูก หรือ 0 ลูกก็ได้
- ตัวอย่างในบริบท: โหนดราก A มีดีกรี 3 (เชื่อมไปยัง B, C, D) โหนด B มีดีกรี 3 ดังนั้น ทรีทั่วไปจึงยืดหยุ่นและสามารถใช้แทนข้อมูลที่มีโครงสร้างซับซ้อนได้หลากหลาย เช่น โครงสร้างขององค์กร หรือระบบไฟล์ ซึ่งแต่ละโหนดสามารถมีลูกได้หลายตัวตามความต้องการของปัญหาที่ใช้ ทำให้เหมาะกับการจัดการข้อมูลที่มีความสัมพันธ์ไม่เป็นระดับเดียว",2026-03-04T23:06:08
38,ไบนารีทรี (Binary Tree),5.2.2,"ไบนารีทรี (Binary Tree) เป็นโครงสร้างข้อมูลที่เป็นทรีที่มีลักษณะเฉพาะดังนี้:

1. โหนดแต่ละตัวสามารถมีโหนดย่อย (subtree) ได้ไม่เกิน 2 โหนด คือ โหนดย่อยด้านซ้าย (left subtree) และโหนดย่อยด้านขวา (right subtree)  
2. โครงสร้างอาจมีโหนดที่ไม่มีลูก (โหนดที่เรียกว่า Empty tree) หรือไม่มีก็ได้  
3. โครงสร้างนี้มีการจัดเรียงแบบที่ชัดเจน โดยแต่ละโหนดมีลูกซ้ายและลูกขวา ซึ่งช่วยให้สามารถดำเนินการค้นหา จัดเรียง หรือวิเคราะห์ข้อมูลได้อย่างมีประสิทธิภาพ  

ตัวอย่างโครงสร้างไบนารีทรีที่กล่าวถึงในบริบท ได้แก่ โหนด A ถึงโหนด I ซึ่งแสดงโครงสร้างในภาพที่ 5.3 ของเอกสารประกอบการสอนรายวิชาโครงสร้างข้อมูลและอัลกอริทึม  

**ข้อจำกัด**: บริบทที่ให้มาไม่ได้ระบุรายละเอียดเพิ่มเติมเกี่ยวกับการดำเนินการ เช่น การค้นหา หรือการเดินทางในไบนารีทรี (traversal) ดังนั้นข้อมูลที่ให้มาครอบคลุมเฉพาะโครงสร้างพื้นฐานเท่านั้น",2026-03-04T23:06:08
39,ไบนารีทรีแบบสมบูรณ์ (Complete Binary Tree),5.2.3,"ไบนารีทรีแบบสมบูรณ์ (Complete Binary Tree) คือ ไบนารีทรีที่มีลักษณะดังนี้:

- โหนดทุกโหนด (ยกเว้นโหนดใบ) ต้องมีโหนดลูก 2 โหนด  
- ระดับของโหนดใบ (leaf nodes) ต้องอยู่ในระดับเดียวกัน  
- จำนวนโหนดสูงสุดในไบนารีทรีแบบสมบูรณ์ที่มีระดับ \( n \) สามารถคำนวณได้จากสูตร \( N_{\text{max}} = 2^n - 1 \)  
- เมื่อจัดเรียงตามระดับ จำนวนโหนดจะเท่ากับค่าที่ได้จากสูตรดังกล่าว แต่หากจำนวนโหนดไม่เต็ม (ไม่ใช่ค่าสูงสุด) ก็ยังคงเป็นไบนารีทรีแบบสมบูรณ์ตามเงื่อนไขด้านบน  

ข้อมูลทั้งหมดนี้อ้างอิงจากภาพที่ 5.4 และ 5.5 ในหน้าที่ 55 ของเอกสาร  
**หมายเหตุ**: บริบทไม่ได้ให้ข้อมูลเกี่ยวกับการจัดการโหนด หรือการใช้งานในทางปฏิบัติเพิ่มเติม จึงไม่สามารถสรุปเพิ่มเติมได้",2026-03-04T23:06:08
40,แบบพรีออร์เดอร์ (Preorder Traversal),5.3.1,"แบบพรีออร์เดอร์ (Preorder Traversal) คือ วิธีการเข้าถึงข้อมูลในไบนารีทรีที่ดำเนินการตามลำดับดังนี้:

1. **เข้าเยี่ยมรูทโหนด (N)** – เยี่ยมโหนดรูทก่อน  
2. **เข้าเยี่ยมทรีย่อยด้านซ้าย (L)** – ท่องไปยังทรีย่อยด้านซ้ายของรูทโหนด  
3. **เข้าเยี่ยมทรีย่อยด้านขวา (R)** – ท่องไปยังทรีย่อยด้านขวาของรูทโหนด  

การเข้าถึงแบบนี้มีลำดับที่เขียนเป็น **NLR** (Node-Left-Right) ซึ่งหมายถึงการเยี่ยมโหนดก่อน แล้วจึงเข้าไปทั้งด้านซ้ายและด้านขวาของโหนดดังกล่าว

บริบทนี้ระบุเพียงว่าการเข้าถึงแบบพรีออร์เดอร์ใช้ลำดับ NLR และมีการอธิบายการเยี่ยมโหนดแต่ละขั้นตอน แต่ไม่ได้ให้รายละเอียดเพิ่มเติมเกี่ยวกับการดำเนินการหรือผลลัพธ์ของแต่ละรูปแบบอื่น ๆ อย่างชัดเจน.",2026-03-04T23:06:08
41,แบบอินออร์เดอร์ (Inorder Traversal),5.3.2,"แบบอินออร์เดอร์ (Inorder Traversal) คือการเข้าถึงโหนดของต้นไม้แบบที่ดำเนินการตามลำดับ **LNR** ซึ่งหมายถึง:

1. เดินทางเข้าเยี่ยมด้านซ้าย (L) ของอินออเดอร์  
2. เข้าเยี่ยมรูทโหนด (N)  
3. เดินทางเข้าเยี่ยมด้านขวา (R) ของอินออเดอร์  

การเข้าถึงแบบนี้จะดำเนินการเข้าเยี่ยมที่ทรีย่อยด้านซ้ายก่อน จากนั้นจึงเยี่ยมที่รูทโหนด และสิ้นสุดด้วยการเยี่ยมทรีย่อยด้านขวา  

(ข้อมูลจากบริบท: Context 1, 2, 3)",2026-03-04T23:06:08
42,แบบโพสต์ออร์เดอร์ (Postorder Traversal),5.3.3,"แบบโพสต์ออร์เดอร์ (Postorder Traversal) คือการเข้าถึงโหนดของต้นไม้แบบที่ดำเนินการตามลำดับ **L-R-N** ซึ่งหมายถึง:

1. เดินทางเข้าเยี่ยมทรีย่อยด้านซ้าย (L)  
2. เดินทางเข้าเยี่ยมทรีย่อยด้านขวา (R)  
3. เข้าเยี่ยมรูทโหนด (N)

การเข้าถึงแบบนี้จะดำเนินการก่อนที่จะเข้าเยี่ยมรูทโหนด ซึ่งทำให้ทุกโหนดในต้นไม้ย่อยถูกเยี่ยมก่อน จึงเหมาะสำหรับการลบหรือการคำนวณที่ต้องการทุกโหนดย่อยก่อน

ข้อมูลจากบริบท: บริบทที่ให้มาอธิบายการเข้าถึงแบบโพสต์ออร์เดอร์อย่างชัดเจนในลำดับ L-R-N และระบุว่าการเข้าถึงจะเริ่มจากด้านซ้าย ด้านขวา แล้วจึงเยี่ยมรูทโหนด (N) ตามลำดับนี้ ซึ่งสอดคล้องกับการเข้าถึงแบบโพสต์ออร์เดอร์ที่ถูกต้องในโครงสร้างข้อมูลต้นไม้แบบไบนารี",2026-03-04T23:06:08
43,ทรีกับการดำเนินการด้านนิพจน์ (Expression Tree),5.4,"ทรีกับการดำเนินการด้านนิพจน์ (Expression Tree) คือ โครงสร้างข้อมูลที่ใช้ในการแทนการดำเนินการด้านนิพจน์ โดยมีลักษณะดังนี้:

1. **โหนดใบ (Leaf node)**: ใช้เก็บตัวถูกดำเนินการ (Operand) เช่น ตัวเลขหรือตัวแปร  
2. **โหนดเชิงกลาง (Internal node)**: ใช้เก็บเครื่องหมายดำเนินการ (Operator) เช่น +, -, *, /, ^  
3. **ทรีย่อย (Subtree)**: แต่ละทรีย่อยแทนนิพจน์ของการดำเนินการหนึ่ง ซึ่งอาจเป็นการดำเนินการหลัก (Operator) ที่เชื่อมกับตัวถูกดำเนินการที่อยู่ในโหนดลูก  

การเข้าถึงข้อมูลในทรีนี้มีรูปแบบตามการเขียนนิพจน์ดังนี้:  
- **อินออเดอร์ (Inorder)**: แสดงรูปแบบของนิพจน์แบบ infix (เช่น a - b)  
- **โพสออเดอร์ (Postorder)**: แสดงรูปแบบของนิพจน์แบบ postfix  
- **พรีออเดอร์ (Preorder)**: แสดงรูปแบบของนิพจน์แบบ prefix  

ตัวอย่างเช่น นิพจน์ (a - b) ถูกแทนด้วยโครงสร้างทรี โดยโหนดที่เป็นเครื่องหมาย - อยู่ที่ราก โหนด a และ b อยู่ที่โหนดลูก ซึ่งสามารถแสดงผลลัพธ์ได้ตามลำด ังนั้น ทรีกับการดำเนินการด้านนิพจน์จึงเป็นเครื่องมือที่มีประสิทธิภาพในการแทนและประเมินนิพจน์ทางคณิตศาสตร์ได้อย่างชัดเจนและมีลำดับการดำเนินการที่ถูกต้องตามกฎของพีชคณิต โดยไม่ต้องพึ่งพาเครื่องหมายวงเล็บหรือลำดับการดำเนินการที่ซับซ้อน ทำให้เหมาะสำหรับการประมวลผลในระบบคอมพิวเตอร์.",2026-03-04T23:06:08
44,การแทนโครงสร้างไบนารีทรีแบบซีเควนเชียล (Sequential Representation),5.5,"การแทนโครงสร้างไบนารีทรีแบบซีควนเชียล (Sequential Representation) คือ การแทนโครงสร้างไบนารีทรีในรูปแบบของอาร์เรย์ โดยที่การแทนนี้จะมีประสิทธิภาพได้ดี **เฉพาะเมื่อไบนารีทรีเป็นโครงสร้างที่สมบูรณ์**  

ขั้นตอนการแทนดังนี้:  
1. กำหนดหมายเลขโหนดเริ่มจากโหนดรูทที่เป็นลำดับที่ 1 แล้วไล่จากซ้ายไปขวาจนถึงโหนดสุดท้าย  
2. ถ้าไบนารีทรีไม่สมบูรณ์ ต้อง **ต่อเติมโหนดที่ขาดหายไป** ให้เป็นโครงสร้างที่สมบูรณ์ (ดังภาพที่ 5.13)  
3. กำหนดขนาดของอาร์เรย์ตามจำนวนโหนดทั้งหมดในโครงสร้างที่สมบูรณ์ (ดังภาพที่ 5.15)  

ดังนั้น การแทนแบบซีควนเชียลจึงใช้ได้ดีในกรณีที่โครงสร้างไบนารีทรีเป็นแบบสมบูรณ์ หรือสามารถทำให้สมบูรณ์ได้โดยการเติมโหนดว่างเพื่อให้สามารถจัดเก็บในอาร์เรย์ได้อย่างมีประสิทธิภาพ",2026-03-04T23:06:08
45,การแปลงทรีเป็นไบนารีทรี,5.6,"การแปลงทรีเป็นไบนารีทรีทำเพื่อให้โครงสร้างที่มีโหนดลูกมากกว่า 2 กลายเป็นไบนารีทรีที่มีโหนดลูกไม่เกิน 2 ซึ่งจัดการได้ง่ายขึ้น โดยมีขั้นตอนดังนี้:

1. **โหนดลูกที่เป็นโหนดแรก** (เช่น ลูกที่อยู่ที่ตำแหน่งแรกของกลุ่มลูก) จะถูกปรับให้เป็น **ทรีย่อยด้านซ้าย** ของโหนดพ่อแม่  
2. **พี่น้องของโหนด** (ทั้งหมดที่อยู่ด้านหลังของโหนดลูกแรก) จะถูกปรับให้เป็น **ทรีย่อยด้านขวา** ของโหนดเดิม

ตัวอย่าง:  
- โหนด B มีพี่น้อง E และ F → จัดให้เป็นโหนดย่อยด้านขวาของ B  
- โหนด C มีพี่น้อง D → จัดให้เป็นโหนดย่อยด้านขวาของ C  
- โหนด G มีพี่น้อง H, I → จัดให้เป็นโหนดย่อยด้านขวาของ G  

หลังการแปลง ลบเส้นเชื่อมเดิมทั้งหมดออก แล้วเหลือเฉพาะเส้นเชื่อมใหม่ที่เกิดจากการจัดกลุ่มตามขั้นตอนดังกล่าว

**ข้อสังเกต**: การแปลงนี้ไม่เปลี่ยนโครงสร้างข้อมูลที่มี แต่เปลี่ยนรูปแบบการ แปลงนี้ช่วยให้สามารถใช้เทคนิคการจัดการของไบนารีทรีได้อย่างมีประสิทธิภาพ เช่น การค้นหา การแทรก และการลบ โดยไม่สูญเสียข้อมูลเดิม แม้จะเปลี่ยนรูปแบบโครงสร้างก็ตาม",2026-03-04T23:06:08
